target_id,kepid,target_name,kepoi_name,kepler_name,mission,class_label,koi_disposition,koi_pdisposition,koi_fpflag_nt,koi_fpflag_ss,koi_fpflag_co,koi_fpflag_ec,koi_period,koi_duration,koi_time0bk,koi_model_snr,koi_depth,koi_impact,koi_prad,koi_steff,koi_slogg,koi_srad,koi_kepmag,source_catalog,dataset_version,selection_seed
KIC 2306740,2306740,K06265.01,K06265.01,,Kepler,binary,FALSE POSITIVE,FALSE POSITIVE,0,1,0,0,10.306982793,11.4277,143.7331641,3691.9,341790.0,0.564,81.21,5912.0,4.225,1.217,13.545,NASA Exoplanet Archive KOI Cumulative Table,v1_600,42
KIC 2437149,2437149,K03598.01,K03598.01,,Kepler,binary,FALSE POSITIVE,FALSE POSITIVE,0,1,0,0,18.79862195,7.4782,138.028268,551.3,380200.0,0.524,55.07,5334.0,4.585,0.796,17.628,NASA Exoplanet Archive KOI Cumulative Table,v1_600,42
KIC 2438061,2438061,K06270.01,K06270.01,,Kepler,binary,FALSE POSITIVE,FALSE POSITIVE,0,1,0,0,2.442941283,4.1847,132.011468,229.7,37338.0,1.164,48.18,5780.0,4.438,1.0,,NASA Exoplanet Archive KOI Cumulative Table,v1_600,42
KIC 2440757,2440757,K00792.01,K00792.01,,Kepler,binary,FALSE POSITIVE,FALSE POSITIVE,0,1,0,0,1.433769925,1.8868,170.403536,112.6,1976.3,1.268,46.58,6017.0,4.22,1.339,15.122,NASA Exoplanet Archive KOI Cumulative Table,v1_600,42
KIC 2449090,2449090,K03702.01,K03702.01,,Kepler,binary,FALSE POSITIVE,FALSE POSITIVE,0,1,0,0,4.944046127,4.50334,134.192012,537.2,112500.0,0.964,54.29,5780.0,4.438,1.0,16.237,NASA Exoplanet Archive KOI Cumulative Table,v1_600,42
KIC 2557430,2557430,K06277.01,K06277.01,,Kepler,binary,FALSE POSITIVE,FALSE POSITIVE,0,1,0,0,0.648868342,2.82428,131.842892,477.0,34770.0,1.172,72.32,6531.0,4.12,1.524,11.471,NASA Exoplanet Archive KOI Cumulative Table,v1_600,42
KIC 2711597,2711597,K04746.01,K04746.01,,Kepler,binary,FALSE POSITIVE,FALSE POSITIVE,0,1,0,0,0.98041685,0.919,131.78321,8.8,105.7,0.446,0.75,4861.0,4.572,0.722,14.484,NASA Exoplanet Archive KOI Cumulative Table,v1_600,42
KIC 3120320,3120320,K06307.01,K06307.01,,Kepler,binary,FALSE POSITIVE,FALSE POSITIVE,0,1,0,0,10.265613245,5.67553,136.4886955,5640.0,150460.0,0.667,61.45,5865.0,4.169,1.423,10.885,NASA Exoplanet Archive KOI Cumulative Table,v1_600,42
KIC 3124420,3124420,K03918.01,K03918.01,,Kepler,binary,FALSE POSITIVE,FALSE POSITIVE,0,1,0,0,0.948951607,4.3809,132.468516,437.1,458460.0,0.959,115.31,5780.0,4.438,1.0,18.241,NASA Exoplanet Archive KOI Cumulative Table,v1_600,42
KIC 3230227,3230227,K06311.01,K06311.01,,Kepler,binary,FALSE POSITIVE,FALSE POSITIVE,0,1,0,0,7.047106212,3.16223,132.75015,548.5,69626.0,1.077,119.64,8162.0,3.973,2.321,9.002,NASA Exoplanet Archive KOI Cumulative Table,v1_600,42
KIC 3338660,3338660,K03795.01,K03795.01,,Kepler,binary,FALSE POSITIVE,FALSE POSITIVE,0,1,0,0,1.873380717,10.1083,131.795634,1513.7,538720.0,0.27,89.79,5992.0,4.283,1.171,14.807,NASA Exoplanet Archive KOI Cumulative Table,v1_600,42
KIC 3440230,3440230,K06334.01,K06334.01,,Kepler,binary,FALSE POSITIVE,FALSE POSITIVE,0,1,0,0,2.881100027,9.43866,134.238752,3316.5,662830.0,0.829,446.29,8104.0,3.675,3.369,13.636,NASA Exoplanet Archive KOI Cumulative Table,v1_600,42
KIC 3534118,3534118,K03641.01,K03641.01,,Kepler,binary,FALSE POSITIVE,FALSE POSITIVE,0,1,0,0,178.4129899,2.9298,218.225235,535.1,37510.0,0.936,33.24,6078.0,4.346,1.148,13.944,NASA Exoplanet Archive KOI Cumulative Table,v1_600,42
KIC 3556229,3556229,K03899.01,K03899.01,,Kepler,binary,FALSE POSITIVE,FALSE POSITIVE,0,1,0,0,0.7967202,4.25304,132.288291,716.6,167720.0,0.839,56.89,5780.0,4.438,1.0,17.656,NASA Exoplanet Archive KOI Cumulative Table,v1_600,42
KIC 3644542,3644542,K03511.01,K03511.01,,Kepler,binary,FALSE POSITIVE,FALSE POSITIVE,0,1,0,0,119.67980316,32.1928,176.106325,5357.7,299050.0,0.527,193.91,8275.0,3.726,3.251,8.351,NASA Exoplanet Archive KOI Cumulative Table,v1_600,42
KIC 3742855,3742855,K00045.01,K00045.01,,Kepler,binary,FALSE POSITIVE,FALSE POSITIVE,0,1,0,0,6.397185875,5.8638,174.365353,394.7,18887.0,0.755,15.02,5780.0,4.438,1.0,13.133,NASA Exoplanet Archive KOI Cumulative Table,v1_600,42
KIC 3766353,3766353,K06359.01,K06359.01,,Kepler,binary,FALSE POSITIVE,FALSE POSITIVE,0,1,0,0,2.666961614,2.4774,133.719065,249.5,7583.4,1.276,40.68,6609.0,4.484,0.974,13.968,NASA Exoplanet Archive KOI Cumulative Table,v1_600,42
KIC 3830820,3830820,K06360.01,K06360.01,,Kepler,binary,FALSE POSITIVE,FALSE POSITIVE,0,1,0,0,15.582794732,3.76683,135.112903,439.3,52760.0,0.759,14.0,3849.0,4.703,0.546,15.368,NASA Exoplanet Archive KOI Cumulative Table,v1_600,42
KIC 3838496,3838496,K03700.01,K03700.01,,Kepler,binary,FALSE POSITIVE,FALSE POSITIVE,0,1,0,0,2.990252395,7.8462,133.110629,541.7,216440.0,1.117,89.85,5780.0,4.438,1.0,17.9,NASA Exoplanet Archive KOI Cumulative Table,v1_600,42
KIC 3851193,3851193,K06367.01,K06367.01,,Kepler,binary,FALSE POSITIVE,FALSE POSITIVE,0,1,0,0,1.341078755,3.86492,131.8392432,1829.3,112150.0,0.309,41.8,6368.0,4.323,1.225,13.682,NASA Exoplanet Archive KOI Cumulative Table,v1_600,42
KIC 3854101,3854101,K05018.01,K05018.01,,Kepler,binary,FALSE POSITIVE,FALSE POSITIVE,0,1,0,0,293.5056071,3.4075,328.7269,51.0,6824.0,1.341,48.59,5455.0,4.381,1.006,15.184,NASA Exoplanet Archive KOI Cumulative Table,v1_600,42
KIC 3869326,3869326,K05991.01,K05991.01,,Kepler,binary,FALSE POSITIVE,FALSE POSITIVE,0,1,0,0,8.58599537,2.4078,136.21367,36.9,818.0,0.316,39.03,4805.0,2.605,13.941,11.598,NASA Exoplanet Archive KOI Cumulative Table,v1_600,42
KIC 3964545,3964545,K03542.01,K03542.01,,Kepler,binary,FALSE POSITIVE,FALSE POSITIVE,0,1,0,0,3.012476415,3.31903,132.2466206,2060.3,198400.0,0.708,58.77,6015.0,4.329,1.088,14.776,NASA Exoplanet Archive KOI Cumulative Table,v1_600,42
KIC 4042026,4042026,K01180.01,K01180.01,,Kepler,binary,FALSE POSITIVE,FALSE POSITIVE,0,1,0,0,34.82008158,11.1711,163.015559,882.6,18848.0,0.663,11.36,5114.0,4.522,0.784,15.187,NASA Exoplanet Archive KOI Cumulative Table,v1_600,42
KIC 4247791,4247791,K00028.01,K00028.01,,Kepler,binary,FALSE POSITIVE,FALSE POSITIVE,0,1,0,0,4.100870416,8.15361,168.1460533,2619.2,123520.0,0.938,82.46,5923.0,4.118,1.51,11.26,NASA Exoplanet Archive KOI Cumulative Table,v1_600,42
KIC 4352168,4352168,K06404.01,K06404.01,,Kepler,binary,FALSE POSITIVE,FALSE POSITIVE,0,1,0,0,10.643743766,6.29783,134.9422857,3167.9,436510.0,0.353,47.87,5282.0,4.578,0.694,14.343,NASA Exoplanet Archive KOI Cumulative Table,v1_600,42
KIC 4356766,4356766,K03669.01,K03669.01,,Kepler,binary,FALSE POSITIVE,FALSE POSITIVE,0,1,0,0,1.731803197,5.6803,132.887574,221.1,44612.0,0.63,22.87,5761.0,4.426,1.029,15.449,NASA Exoplanet Archive KOI Cumulative Table,v1_600,42
KIC 4365461,4365461,K05058.01,K05058.01,,Kepler,binary,FALSE POSITIVE,FALSE POSITIVE,0,1,0,0,1.714414962,5.17207,131.8661453,6485.8,110130.0,1.181,116.92,6351.0,4.126,1.613,13.309,NASA Exoplanet Archive KOI Cumulative Table,v1_600,42
KIC 4375101,4375101,K06411.01,K06411.01,,Kepler,binary,FALSE POSITIVE,FALSE POSITIVE,0,1,0,0,61.25964956,12.1777,140.698649,880.3,233260.0,0.741,54.72,5912.0,4.532,0.889,15.518,NASA Exoplanet Archive KOI Cumulative Table,v1_600,42
KIC 4454219,4454219,K06416.01,K06416.01,,Kepler,binary,FALSE POSITIVE,FALSE POSITIVE,0,1,0,0,1.22578134,2.235,131.6062,86.8,99376.0,0.985,53.32,5780.0,4.438,1.0,17.431,NASA Exoplanet Archive KOI Cumulative Table,v1_600,42
KIC 4649305,4649305,K00143.01,K00143.01,,Kepler,binary,FALSE POSITIVE,FALSE POSITIVE,0,1,0,0,22.65117451,3.6895,140.337593,170.1,2250.0,0.925,7.62,6968.0,4.31,1.333,13.682,NASA Exoplanet Archive KOI Cumulative Table,v1_600,42
KIC 4678171,4678171,K06435.01,K06435.01,,Kepler,binary,FALSE POSITIVE,FALSE POSITIVE,0,1,0,0,15.288709179,5.00366,132.8060911,1758.7,512470.0,0.372,54.56,4464.0,4.577,0.719,15.993,NASA Exoplanet Archive KOI Cumulative Table,v1_600,42
KIC 4681152,4681152,K06436.01,K06436.01,,Kepler,binary,FALSE POSITIVE,FALSE POSITIVE,0,1,0,0,1.83592242,5.9942,132.077813,1378.9,30746.0,1.189,46.3,5930.0,4.472,0.976,13.134,NASA Exoplanet Archive KOI Cumulative Table,v1_600,42
KIC 4758350,4758350,K06447.01,K06447.01,,Kepler,binary,FALSE POSITIVE,FALSE POSITIVE,0,1,0,0,1.120997701,11.243,131.48486,58.1,145.6,1.114,66.58,6720.0,3.373,4.845,12.964,NASA Exoplanet Archive KOI Cumulative Table,v1_600,42
KIC 4815612,4815612,K05090.01,K05090.01,,Kepler,binary,FALSE POSITIVE,FALSE POSITIVE,0,1,0,0,1.928420823,3.8253,131.58805,438.3,191240.0,0.818,79.4,6615.0,4.257,1.326,15.175,NASA Exoplanet Archive KOI Cumulative Table,v1_600,42
KIC 4912589,4912589,K06469.01,K06469.01,,Kepler,binary,FALSE POSITIVE,FALSE POSITIVE,0,1,0,0,34.188302705,3.01179,132.1423013,2594.9,118440.0,0.957,74.5,5757.0,4.134,1.345,12.869,NASA Exoplanet Archive KOI Cumulative Table,v1_600,42
KIC 4940201,4940201,K06476.01,K06476.01,,Kepler,binary,FALSE POSITIVE,FALSE POSITIVE,0,1,0,0,4.408295716,3.62479,134.280413,386.1,37964.0,1.159,35.68,5496.0,4.607,0.743,14.984,NASA Exoplanet Archive KOI Cumulative Table,v1_600,42
KIC 5021732,5021732,K06490.01,K06490.01,,Kepler,binary,FALSE POSITIVE,FALSE POSITIVE,0,1,0,0,15.039464523,5.39796,144.137252,1133.5,66877.0,0.998,51.71,6410.0,4.329,1.178,13.623,NASA Exoplanet Archive KOI Cumulative Table,v1_600,42
KIC 5022440,5022440,K06491.01,K06491.01,,Kepler,binary,FALSE POSITIVE,FALSE POSITIVE,0,1,0,0,3.693951168,2.2534,133.61052,173.2,28290.0,0.917,20.88,5968.0,4.534,0.881,15.286,NASA Exoplanet Archive KOI Cumulative Table,v1_600,42
KIC 5037742,5037742,K05120.01,K05120.01,,Kepler,binary,FALSE POSITIVE,FALSE POSITIVE,0,1,0,0,250.4858,12.72,183.25,13.2,674.6,0.3157,2.1,5377.0,4.581,0.814,15.433,NASA Exoplanet Archive KOI Cumulative Table,v1_600,42
KIC 5112567,5112567,K04043.01,K04043.01,,Kepler,binary,FALSE POSITIVE,FALSE POSITIVE,0,1,0,0,1.6156052,14.55,131.4952,253.1,1582.0,1.149,34.69,6770.0,4.15,1.623,13.391,NASA Exoplanet Archive KOI Cumulative Table,v1_600,42
KIC 5113146,5113146,K05127.01,K05127.01,,Kepler,binary,FALSE POSITIVE,FALSE POSITIVE,0,1,0,0,18.78970984,4.13997,143.82465,488.7,40789.0,1.172,44.01,6477.0,4.439,0.884,15.115,NASA Exoplanet Archive KOI Cumulative Table,v1_600,42
KIC 5179609,5179609,K05132.01,K05132.01,,Kepler,binary,FALSE POSITIVE,FALSE POSITIVE,0,1,0,0,43.9311596,12.9395,134.214029,1070.3,9304.4,0.855,58.37,4888.0,3.257,5.132,12.776,NASA Exoplanet Archive KOI Cumulative Table,v1_600,42
KIC 5181804,5181804,K03638.01,K03638.01,,Kepler,binary,FALSE POSITIVE,FALSE POSITIVE,0,1,0,0,4.350460215,2.5276,132.27239,247.2,50424.0,4.203,533.08,6585.0,4.208,1.416,15.929,NASA Exoplanet Archive KOI Cumulative Table,v1_600,42
KIC 5271803,5271803,K06549.01,K06549.01,,Kepler,binary,FALSE POSITIVE,FALSE POSITIVE,0,1,0,0,0.5402463,13.93,131.5521,1.6,1148.0,0.9411,6.2,7296.0,4.249,1.498,13.681,NASA Exoplanet Archive KOI Cumulative Table,v1_600,42
KIC 5286786,5286786,K06554.01,K06554.01,,Kepler,binary,FALSE POSITIVE,FALSE POSITIVE,0,1,0,0,9.948701373,3.2922,138.55412,103.1,2749.5,1.277,29.19,5152.0,4.517,0.786,15.456,NASA Exoplanet Archive KOI Cumulative Table,v1_600,42
KIC 5288543,5288543,K06555.01,K06555.01,,Kepler,binary,FALSE POSITIVE,FALSE POSITIVE,0,1,0,0,3.457078812,5.24058,131.8058069,6009.0,315520.0,0.317,86.12,6526.0,4.182,1.482,13.585,NASA Exoplanet Archive KOI Cumulative Table,v1_600,42
KIC 5357470,5357470,K01674.01,K01674.01,,Kepler,binary,FALSE POSITIVE,FALSE POSITIVE,0,1,0,0,2.17257963,1.5794,133.00429,27.1,335.5,1.107,13.55,6038.0,4.34,0.971,14.845,NASA Exoplanet Archive KOI Cumulative Table,v1_600,42
KIC 5435816,5435816,K03696.01,K03696.01,,Kepler,binary,FALSE POSITIVE,FALSE POSITIVE,0,1,0,0,181.8521773,5.7725,251.877795,293.8,27559.0,1.189,46.38,6063.0,4.476,1.012,15.684,NASA Exoplanet Archive KOI Cumulative Table,v1_600,42
KIC 5444392,5444392,K06578.01,K06578.01,,Kepler,binary,FALSE POSITIVE,FALSE POSITIVE,0,1,0,0,0.759764419,5.72501,131.7927631,1728.1,393270.0,0.545,138.54,5807.0,3.93,1.909,11.378,NASA Exoplanet Archive KOI Cumulative Table,v1_600,42
KIC 5471059,5471059,K03956.01,K03956.01,,Kepler,binary,FALSE POSITIVE,FALSE POSITIVE,0,1,0,0,2.636899795,0.9105,132.07629,27.6,426.2,1.519,49.84,5524.0,4.54,0.847,14.72,NASA Exoplanet Archive KOI Cumulative Table,v1_600,42
KIC 5475712,5475712,K06588.01,K06588.01,,Kepler,binary,FALSE POSITIVE,FALSE POSITIVE,0,1,0,0,2.991884392,7.5583,134.175892,1280.3,123880.0,0.496,40.11,6596.0,4.4,1.094,13.28,NASA Exoplanet Archive KOI Cumulative Table,v1_600,42
KIC 5512513,5512513,K07730.01,K07730.01,,Kepler,binary,FALSE POSITIVE,FALSE POSITIVE,0,1,0,0,0.77459856,2.71,132.3192077,,,,,,,,14.737,NASA Exoplanet Archive KOI Cumulative Table,v1_600,42
KIC 5530881,5530881,K06594.01,K06594.01,,Kepler,binary,FALSE POSITIVE,FALSE POSITIVE,0,1,0,0,5.082523739,5.04732,132.9614122,5286.2,276280.0,0.269,61.88,6507.0,4.343,1.145,13.508,NASA Exoplanet Archive KOI Cumulative Table,v1_600,42
KIC 5565486,5565486,K03742.01,K03742.01,,Kepler,binary,FALSE POSITIVE,FALSE POSITIVE,0,1,0,0,1.412524016,5.74859,131.704429,1475.4,175780.0,0.846,68.92,6690.0,4.375,1.174,14.964,NASA Exoplanet Archive KOI Cumulative Table,v1_600,42
KIC 5598639,5598639,K06602.01,K06602.01,,Kepler,binary,FALSE POSITIVE,FALSE POSITIVE,0,1,0,0,0.648775795,4.34648,131.7459799,6873.9,108820.0,0.961,41.58,5143.0,4.559,0.776,10.201,NASA Exoplanet Archive KOI Cumulative Table,v1_600,42
KIC 5622250,5622250,K06608.01,K06608.01,,Kepler,binary,FALSE POSITIVE,FALSE POSITIVE,0,1,0,0,16.294213708,6.01687,143.1937219,7486.2,174010.0,0.612,68.05,6237.0,4.145,1.508,14.203,NASA Exoplanet Archive KOI Cumulative Table,v1_600,42
KIC 5641294,5641294,K06133.01,K06133.01,,Kepler,binary,FALSE POSITIVE,FALSE POSITIVE,0,1,0,0,2.6160943,21.34,132.5162,5.6,29.3,0.6458,0.81,6645.0,4.232,1.42,12.754,NASA Exoplanet Archive KOI Cumulative Table,v1_600,42
KIC 5647008,5647008,K08103.01,K08103.01,,Kepler,binary,FALSE POSITIVE,FALSE POSITIVE,0,1,0,0,0.799868354,6.613,131.997209,251.4,4928.8,1.274,34.7,5568.0,4.488,0.882,14.335,NASA Exoplanet Archive KOI Cumulative Table,v1_600,42
KIC 5649836,5649836,K03831.01,K03831.01,,Kepler,binary,FALSE POSITIVE,FALSE POSITIVE,0,1,0,0,0.597933142,3.47133,131.95669,1490.3,284380.0,0.634,63.46,5780.0,4.438,1.0,16.377,NASA Exoplanet Archive KOI Cumulative Table,v1_600,42
KIC 5730394,5730394,K03603.01,K03603.01,,Kepler,binary,FALSE POSITIVE,FALSE POSITIVE,0,1,0,0,5.519188936,7.1351,134.470023,2270.6,217070.0,0.459,43.06,5324.0,4.439,0.897,16.117,NASA Exoplanet Archive KOI Cumulative Table,v1_600,42
KIC 5738346,5738346,K01006.01,K01006.01,,Kepler,binary,FALSE POSITIVE,FALSE POSITIVE,0,1,0,0,30.6113932,3.576,374.6216,37.5,3472.0,1.264,19.68,3900.0,4.727,0.534,15.97,NASA Exoplanet Archive KOI Cumulative Table,v1_600,42
KIC 5738698,5738698,K06134.01,K06134.01,,Kepler,binary,FALSE POSITIVE,FALSE POSITIVE,0,1,0,0,2.404386969,7.40348,133.2105484,8577.4,313170.0,0.613,79.72,6466.0,4.278,1.21,11.941,NASA Exoplanet Archive KOI Cumulative Table,v1_600,42
KIC 5795648,5795648,K06016.01,K06016.01,,Kepler,binary,FALSE POSITIVE,FALSE POSITIVE,0,1,0,0,4.553370029,3.2209,135.433898,570.6,23692.0,0.951,25.84,6306.0,4.346,1.109,11.471,NASA Exoplanet Archive KOI Cumulative Table,v1_600,42
KIC 5796185,5796185,K03369.01,K03369.01,,Kepler,binary,FALSE POSITIVE,FALSE POSITIVE,0,1,0,0,42.559265547,3.36626,161.57039,950.0,207990.0,0.775,51.86,5764.0,4.548,0.863,15.831,NASA Exoplanet Archive KOI Cumulative Table,v1_600,42
KIC 5816806,5816806,K03645.01,K03645.01,,Kepler,binary,FALSE POSITIVE,FALSE POSITIVE,0,1,0,0,4.45543346,5.116,134.453921,508.6,245680.0,0.469,51.69,5780.0,4.438,1.0,17.046,NASA Exoplanet Archive KOI Cumulative Table,v1_600,42
KIC 5858519,5858519,K05206.01,K05206.01,,Kepler,binary,FALSE POSITIVE,FALSE POSITIVE,0,1,0,0,4.18236124,6.70175,134.053289,2666.0,193980.0,0.809,69.37,6188.0,4.314,1.166,14.74,NASA Exoplanet Archive KOI Cumulative Table,v1_600,42
KIC 5879448,5879448,K07745.01,K07745.01,,Kepler,binary,FALSE POSITIVE,FALSE POSITIVE,0,1,0,0,533.47707,23.71,245.3651,15.3,210.6,0.418,2.6,6077.0,3.931,1.759,13.294,NASA Exoplanet Archive KOI Cumulative Table,v1_600,42
KIC 5990753,5990753,K06645.01,K06645.01,,Kepler,binary,FALSE POSITIVE,FALSE POSITIVE,0,1,0,0,7.21636091,2.218,133.88924,37.2,384.7,0.017,18.03,5029.0,2.909,9.476,10.916,NASA Exoplanet Archive KOI Cumulative Table,v1_600,42
KIC 6044064,6044064,K06652.01,K06652.01,,Kepler,binary,FALSE POSITIVE,FALSE POSITIVE,0,1,0,0,5.06318803,13.8913,133.707285,1602.7,662680.0,3.4,302.18,5375.0,4.531,0.752,15.001,NASA Exoplanet Archive KOI Cumulative Table,v1_600,42
KIC 6058875,6058875,K03616.01,K03616.01,,Kepler,binary,FALSE POSITIVE,FALSE POSITIVE,0,1,0,0,0.56493412,2.57621,131.7871403,1361.5,252640.0,0.691,33.4,4748.0,4.729,0.534,15.839,NASA Exoplanet Archive KOI Cumulative Table,v1_600,42
KIC 6103049,6103049,K06662.01,K06662.01,,Kepler,binary,FALSE POSITIVE,FALSE POSITIVE,0,1,0,0,0.643171495,2.31285,131.8893076,641.4,41160.0,1.214,54.03,5899.0,4.387,0.989,15.147,NASA Exoplanet Archive KOI Cumulative Table,v1_600,42
KIC 6131659,6131659,K06667.01,K06667.01,,Kepler,binary,FALSE POSITIVE,FALSE POSITIVE,0,1,0,0,17.527826808,5.78491,144.5700534,2450.1,347520.0,0.567,49.36,5079.0,4.579,0.732,12.534,NASA Exoplanet Archive KOI Cumulative Table,v1_600,42
KIC 6220470,6220470,K06677.01,K06677.01,,Kepler,binary,FALSE POSITIVE,FALSE POSITIVE,0,1,0,0,8.144135648,8.88876,136.5054788,6113.7,87881.0,0.222,56.52,7605.0,4.123,1.862,13.96,NASA Exoplanet Archive KOI Cumulative Table,v1_600,42
KIC 6277594,6277594,K05255.01,K05255.01,,Kepler,binary,FALSE POSITIVE,FALSE POSITIVE,0,1,0,0,3.66115536,14.807,133.7708,27.8,34.3,0.676,0.81,6356.0,4.241,1.308,13.164,NASA Exoplanet Archive KOI Cumulative Table,v1_600,42
KIC 6363494,6363494,K03634.01,K03634.01,,Kepler,binary,FALSE POSITIVE,FALSE POSITIVE,0,1,0,0,1.815632406,3.35773,131.9113803,1413.9,61574.0,1.04,108.78,9954.0,4.07,2.408,14.42,NASA Exoplanet Archive KOI Cumulative Table,v1_600,42
KIC 6367628,6367628,K06696.01,K06696.01,,Kepler,binary,FALSE POSITIVE,FALSE POSITIVE,0,1,0,0,1.88984957,19.45,131.910944,401.5,249670.0,1.182,73.04,5328.0,4.571,0.716,13.035,NASA Exoplanet Archive KOI Cumulative Table,v1_600,42
KIC 6448768,6448768,K06712.01,K06712.01,,Kepler,binary,FALSE POSITIVE,FALSE POSITIVE,0,1,0,0,16.486796364,7.06797,131.6041706,3181.5,48943.0,0.309,46.92,6020.0,3.86,2.097,13.645,NASA Exoplanet Archive KOI Cumulative Table,v1_600,42
KIC 6466939,6466939,K06717.01,K06717.01,,Kepler,binary,FALSE POSITIVE,FALSE POSITIVE,0,1,0,0,1.142946648,3.40234,131.9010021,1054.4,412550.0,0.479,43.5,5058.0,4.651,0.608,14.454,NASA Exoplanet Archive KOI Cumulative Table,v1_600,42
KIC 6500206,6500206,K02451.01,K02451.01,,Kepler,binary,FALSE POSITIVE,FALSE POSITIVE,0,1,0,0,13.37499553,1.639,142.38153,16.9,458.1,0.045,2.01,5263.0,4.404,0.961,14.738,NASA Exoplanet Archive KOI Cumulative Table,v1_600,42
KIC 6521542,6521542,K06722.01,K06722.01,,Kepler,binary,FALSE POSITIVE,FALSE POSITIVE,0,1,0,0,2.212877035,4.66961,132.682428,2731.0,376200.0,0.518,69.18,6153.0,4.405,1.0,14.28,NASA Exoplanet Archive KOI Cumulative Table,v1_600,42
KIC 6591789,6591789,K06735.01,K06735.01,,Kepler,binary,FALSE POSITIVE,FALSE POSITIVE,0,1,0,0,5.08840787,4.77204,134.3553111,3095.0,386680.0,0.513,55.3,5618.0,4.583,0.791,15.353,NASA Exoplanet Archive KOI Cumulative Table,v1_600,42
KIC 6606282,6606282,K06740.01,K06740.01,,Kepler,binary,FALSE POSITIVE,FALSE POSITIVE,0,1,0,0,1.053573674,1.70116,132.428012,445.3,3063.0,1.308,299.87,5838.0,3.038,7.385,12.97,NASA Exoplanet Archive KOI Cumulative Table,v1_600,42
KIC 6762188,6762188,K05323.01,K05323.01,,Kepler,binary,FALSE POSITIVE,FALSE POSITIVE,0,1,0,0,7.155547398,4.5711,133.998101,124.6,2568.8,0.883,48.93,4992.0,2.947,8.052,13.672,NASA Exoplanet Archive KOI Cumulative Table,v1_600,42
KIC 6778289,6778289,K06767.01,K06767.01,,Kepler,binary,FALSE POSITIVE,FALSE POSITIVE,0,1,0,0,30.130130001,13.4919,152.231115,2583.7,280750.0,0.631,83.75,6674.0,4.286,1.347,13.076,NASA Exoplanet Archive KOI Cumulative Table,v1_600,42
KIC 6802536,6802536,K04883.01,K04883.01,,Kepler,binary,FALSE POSITIVE,FALSE POSITIVE,0,1,0,0,2.9788702,9.3,133.5035183,,,,,,,,14.201,NASA Exoplanet Archive KOI Cumulative Table,v1_600,42
KIC 6859813,6859813,K06778.01,K06778.01,,Kepler,binary,FALSE POSITIVE,FALSE POSITIVE,0,1,0,0,10.88242209,5.51934,132.6767451,4284.2,206810.0,0.788,63.14,6200.0,4.422,1.045,12.068,NASA Exoplanet Archive KOI Cumulative Table,v1_600,42
KIC 6877673,6877673,K06784.01,K06784.01,,Kepler,binary,FALSE POSITIVE,FALSE POSITIVE,0,1,0,0,36.75892725,15.5723,156.0924573,4263.6,261730.0,0.298,51.31,6085.0,4.438,0.979,13.676,NASA Exoplanet Archive KOI Cumulative Table,v1_600,42
KIC 6948480,6948480,K02975.01,K02975.01,,Kepler,binary,FALSE POSITIVE,FALSE POSITIVE,0,1,0,0,175.329014,6.269,230.9292,16.7,1059.1,1.231,27.03,6008.0,4.499,0.93,15.31,NASA Exoplanet Archive KOI Cumulative Table,v1_600,42
KIC 6960446,6960446,K03654.01,K03654.01,,Kepler,binary,FALSE POSITIVE,FALSE POSITIVE,0,1,0,0,10.14873521,5.603,136.02501,250.9,116120.0,0.965,71.11,6366.0,4.239,1.296,16.798,NASA Exoplanet Archive KOI Cumulative Table,v1_600,42
KIC 6964043,6964043,K01351.01,K01351.01,,Kepler,binary,FALSE POSITIVE,FALSE POSITIVE,0,1,0,0,10.72396374,3.8439,357.14874,127.7,13518.0,1.25,39.84,5582.0,4.445,0.905,15.613,NASA Exoplanet Archive KOI Cumulative Table,v1_600,42
KIC 7024530,7024530,K03922.01,K03922.01,,Kepler,binary,FALSE POSITIVE,FALSE POSITIVE,0,1,0,0,66.1539783,5.896,156.97153,57.7,6951.0,0.873,9.69,6077.0,4.471,0.999,15.52,NASA Exoplanet Archive KOI Cumulative Table,v1_600,42
KIC 7032421,7032421,K01747.01,K01747.01,,Kepler,binary,FALSE POSITIVE,FALSE POSITIVE,0,1,0,0,20.55848388,1.449,133.00401,20.8,677.3,1.334,36.9,5578.0,4.484,0.936,14.792,NASA Exoplanet Archive KOI Cumulative Table,v1_600,42
KIC 7049486,7049486,K06815.01,K06815.01,,Kepler,binary,FALSE POSITIVE,FALSE POSITIVE,0,1,0,0,26.718417546,8.14155,138.0518033,2173.1,72976.0,1.069,66.69,5957.0,4.168,1.286,13.144,NASA Exoplanet Archive KOI Cumulative Table,v1_600,42
KIC 7125636,7125636,K06832.01,K06832.01,,Kepler,binary,FALSE POSITIVE,FALSE POSITIVE,0,1,0,0,6.49066214,3.47128,132.0676273,1680.0,195090.0,0.798,33.46,4448.0,4.684,0.563,15.507,NASA Exoplanet Archive KOI Cumulative Table,v1_600,42
KIC 7128918,7128918,K06833.01,K06833.01,,Kepler,binary,FALSE POSITIVE,FALSE POSITIVE,0,1,0,0,7.11879848,4.11282,137.1575204,1483.2,107660.0,0.983,41.17,5578.0,4.601,0.754,15.758,NASA Exoplanet Archive KOI Cumulative Table,v1_600,42
KIC 7136958,7136958,K03350.01,K03350.01,,Kepler,binary,FALSE POSITIVE,FALSE POSITIVE,0,1,0,0,29.015852933,7.19844,138.402477,1268.8,71432.0,12.223,1183.06,5783.0,4.415,0.941,15.546,NASA Exoplanet Archive KOI Cumulative Table,v1_600,42
KIC 7137213,7137213,K03907.01,K03907.01,,Kepler,binary,FALSE POSITIVE,FALSE POSITIVE,0,1,0,0,28.64338839,1.2246,141.22933,23.1,624.3,0.968,5.82,6507.0,4.002,1.767,12.642,NASA Exoplanet Archive KOI Cumulative Table,v1_600,42
KIC 7220320,7220320,K03775.01,K03775.01,,Kepler,binary,FALSE POSITIVE,FALSE POSITIVE,0,1,0,0,0.752158047,2.42733,131.793035,510.0,37879.0,1.157,106.66,5770.0,3.844,2.221,14.082,NASA Exoplanet Archive KOI Cumulative Table,v1_600,42
KIC 7222086,7222086,K01701.01,K01701.01,,Kepler,binary,FALSE POSITIVE,FALSE POSITIVE,0,1,0,0,2.43902575,1.1598,133.58474,20.5,82.5,0.483,2.61,6546.0,3.817,2.784,11.041,NASA Exoplanet Archive KOI Cumulative Table,v1_600,42
KIC 7455553,7455553,K06879.01,K06879.01,,Kepler,binary,FALSE POSITIVE,FALSE POSITIVE,0,1,0,0,3.258249472,2.6358,134.59656,202.0,1643.5,1.264,79.23,6712.0,3.859,2.361,13.059,NASA Exoplanet Archive KOI Cumulative Table,v1_600,42
KIC 7532973,7532973,Kepler-854 b,K01450.01,Kepler-854 b,Kepler,binary,CONFIRMED,FALSE POSITIVE,0,1,0,0,2.144632238,6.2701,133.984128,334.8,19837.0,1.228,59.19,6296.0,4.24,1.305,13.48,NASA Exoplanet Archive KOI Cumulative Table,v1_600,42
KIC 7661065,7661065,K02307.01,K02307.01,,Kepler,binary,FALSE POSITIVE,FALSE POSITIVE,0,1,0,0,4.150297119,1.2058,134.9355,24.2,593.4,0.971,3.03,5290.0,4.519,0.858,14.854,NASA Exoplanet Archive KOI Cumulative Table,v1_600,42
KIC 7671594,7671594,K06902.01,K06902.01,,Kepler,binary,FALSE POSITIVE,FALSE POSITIVE,0,1,0,0,0.705174384,1.11196,131.694866,222.8,375230.0,13.5485,366.76,3354.0,5.031,0.25,15.815,NASA Exoplanet Archive KOI Cumulative Table,v1_600,42
KIC 7812175,7812175,K03665.01,K03665.01,,Kepler,binary,FALSE POSITIVE,FALSE POSITIVE,0,1,0,0,17.79391159,4.3194,134.035628,247.0,93395.0,0.692,33.3,5780.0,4.438,1.0,16.328,NASA Exoplanet Archive KOI Cumulative Table,v1_600,42
KIC 7816680,7816680,K06920.01,K06920.01,,Kepler,binary,FALSE POSITIVE,FALSE POSITIVE,0,1,0,0,4.292599454,4.73293,131.7702811,1329.6,140030.0,0.89,64.04,6467.0,4.377,1.174,15.573,NASA Exoplanet Archive KOI Cumulative Table,v1_600,42
KIC 7830637,7830637,K01454.01,K01454.01,,Kepler,binary,FALSE POSITIVE,FALSE POSITIVE,0,1,0,0,121.5991278,15.1596,137.27469,297.0,10537.0,5.011,379.63,6036.0,4.551,0.847,14.6,NASA Exoplanet Archive KOI Cumulative Table,v1_600,42
KIC 7831363,7831363,K03804.01,K03804.01,,Kepler,binary,FALSE POSITIVE,FALSE POSITIVE,0,1,0,0,2.81753381,2.1551,132.8937,39.3,3836.0,1.373,52.91,6313.0,4.325,1.098,14.248,NASA Exoplanet Archive KOI Cumulative Table,v1_600,42
KIC 7885570,7885570,K06929.01,K06929.01,,Kepler,binary,FALSE POSITIVE,FALSE POSITIVE,0,1,0,0,1.729338354,6.8524,132.536976,379.7,140160.0,0.887,139.36,5587.0,3.754,2.553,11.679,NASA Exoplanet Archive KOI Cumulative Table,v1_600,42
KIC 7947631,7947631,K06936.01,K06936.01,,Kepler,binary,FALSE POSITIVE,FALSE POSITIVE,0,1,0,0,1.258274109,1.92467,132.7042523,669.1,14160.0,1.244,25.98,4937.0,4.669,0.587,15.179,NASA Exoplanet Archive KOI Cumulative Table,v1_600,42
KIC 7985167,7985167,K06947.01,K06947.01,,Kepler,binary,FALSE POSITIVE,FALSE POSITIVE,0,1,0,0,0.692239369,2.91121,131.584611,469.2,62962.0,1.074,67.05,6163.0,4.137,1.358,12.958,NASA Exoplanet Archive KOI Cumulative Table,v1_600,42
KIC 7987749,7987749,K06948.01,K06948.01,,Kepler,binary,FALSE POSITIVE,FALSE POSITIVE,0,1,0,0,17.030857558,4.24308,145.542727,1947.8,77832.0,1.047,73.8,5575.0,4.066,1.423,14.461,NASA Exoplanet Archive KOI Cumulative Table,v1_600,42
KIC 8016214,8016214,K06953.01,K06953.01,,Kepler,binary,FALSE POSITIVE,FALSE POSITIVE,0,1,0,0,1.587485742,7.7489,132.138538,996.8,246570.0,0.259,41.52,5863.0,4.566,0.821,14.364,NASA Exoplanet Archive KOI Cumulative Table,v1_600,42
KIC 8052474,8052474,K03640.01,K03640.01,,Kepler,binary,FALSE POSITIVE,FALSE POSITIVE,0,1,0,0,245.4382021,14.502,361.302835,844.7,11312.0,1.001,19.17,5637.0,4.383,0.99,12.777,NASA Exoplanet Archive KOI Cumulative Table,v1_600,42
KIC 8088354,8088354,K06959.01,K06959.01,,Kepler,binary,FALSE POSITIVE,FALSE POSITIVE,0,1,0,0,2.897829967,3.17788,132.6047388,1305.8,163090.0,0.756,54.35,6318.0,4.366,1.077,13.648,NASA Exoplanet Archive KOI Cumulative Table,v1_600,42
KIC 8094140,8094140,K06961.01,K06961.01,,Kepler,binary,FALSE POSITIVE,FALSE POSITIVE,0,1,0,0,0.706428634,1.75182,132.1461749,1066.7,372130.0,0.393,47.64,4429.0,4.569,0.736,15.159,NASA Exoplanet Archive KOI Cumulative Table,v1_600,42
KIC 8155368,8155368,K05481.01,K05481.01,,Kepler,binary,FALSE POSITIVE,FALSE POSITIVE,0,1,0,0,0.718643659,2.51246,131.889141,575.0,124930.0,0.922,50.85,5853.0,4.483,0.934,15.121,NASA Exoplanet Archive KOI Cumulative Table,v1_600,42
KIC 8242350,8242350,K05493.01,K05493.01,,Kepler,binary,FALSE POSITIVE,FALSE POSITIVE,0,1,0,0,6.993576155,21.2695,131.988507,643.3,2924.0,1.317,101.15,6565.0,3.803,2.467,12.594,NASA Exoplanet Archive KOI Cumulative Table,v1_600,42
KIC 8294484,8294484,K07011.01,K07011.01,,Kepler,binary,FALSE POSITIVE,FALSE POSITIVE,0,1,0,0,1.012694226,3.6017,132.44896,185.1,108500.0,0.534,42.51,6487.0,4.292,1.233,14.713,NASA Exoplanet Archive KOI Cumulative Table,v1_600,42
KIC 8299947,8299947,K03631.01,K03631.01,,Kepler,binary,FALSE POSITIVE,FALSE POSITIVE,0,1,0,0,2.682767439,4.58143,131.570648,508.4,394410.0,0.509,70.67,5780.0,4.438,1.0,17.743,NASA Exoplanet Archive KOI Cumulative Table,v1_600,42
KIC 8316503,8316503,K07019.01,K07019.01,,Kepler,binary,FALSE POSITIVE,FALSE POSITIVE,0,1,0,0,5.065329723,4.90392,134.9819163,5497.0,155610.0,0.725,60.35,6350.0,4.233,1.286,13.955,NASA Exoplanet Archive KOI Cumulative Table,v1_600,42
KIC 8345358,8345358,K07021.01,K07021.01,,Kepler,binary,FALSE POSITIVE,FALSE POSITIVE,0,1,0,0,9.380632783,4.295,132.5586444,1053.1,65833.0,1.084,46.72,5926.0,4.519,0.913,15.435,NASA Exoplanet Archive KOI Cumulative Table,v1_600,42
KIC 8356054,8356054,K03424.01,K03424.01,,Kepler,binary,FALSE POSITIVE,FALSE POSITIVE,0,1,0,0,17.081202417,7.20617,134.296431,1524.8,134140.0,0.915,39.24,5431.0,4.623,0.708,15.863,NASA Exoplanet Archive KOI Cumulative Table,v1_600,42
KIC 8411947,8411947,K07034.01,K07034.01,,Kepler,binary,FALSE POSITIVE,FALSE POSITIVE,0,1,0,0,0.898837525,3.5342,132.13405,445.6,399780.0,0.496,57.14,5284.0,4.518,0.807,15.3,NASA Exoplanet Archive KOI Cumulative Table,v1_600,42
KIC 8494410,8494410,K03685.01,K03685.01,,Kepler,binary,FALSE POSITIVE,FALSE POSITIVE,0,1,0,0,208.86909724,4.5707,273.692419,413.8,21307.0,1.056,29.95,5914.0,4.421,0.987,14.461,NASA Exoplanet Archive KOI Cumulative Table,v1_600,42
KIC 8509346,8509346,K07049.01,K07049.01,,Kepler,binary,FALSE POSITIVE,FALSE POSITIVE,0,1,0,0,6.099032889,4.82208,135.5223947,2884.0,55374.0,0.891,36.68,6356.0,4.297,1.141,13.745,NASA Exoplanet Archive KOI Cumulative Table,v1_600,42
KIC 8559589,8559589,K03697.01,K03697.01,,Kepler,binary,FALSE POSITIVE,FALSE POSITIVE,0,1,0,0,223.1127475,8.9683,140.947135,224.5,11539.0,1.266,46.33,6211.0,4.389,1.056,14.38,NASA Exoplanet Archive KOI Cumulative Table,v1_600,42
KIC 8559863,8559863,K07058.01,K07058.01,,Kepler,binary,FALSE POSITIVE,FALSE POSITIVE,0,1,0,0,22.470494368,7.39097,143.284831,2393.2,45979.0,0.86,19.12,5315.0,4.636,0.697,12.723,NASA Exoplanet Archive KOI Cumulative Table,v1_600,42
KIC 8574270,8574270,K07063.01,K07063.01,,Kepler,binary,FALSE POSITIVE,FALSE POSITIVE,0,1,0,0,15.120212531,3.50007,139.6966549,928.2,24616.0,1.199,33.11,5232.0,4.554,0.725,15.166,NASA Exoplanet Archive KOI Cumulative Table,v1_600,42
KIC 8718273,8718273,K05564.01,K05564.01,,Kepler,binary,FALSE POSITIVE,FALSE POSITIVE,0,1,0,0,3.479508244,3.9097,133.389072,195.7,3000.4,1.252,444.46,4630.0,2.437,12.623,10.565,NASA Exoplanet Archive KOI Cumulative Table,v1_600,42
KIC 8848104,8848104,K07100.01,K07100.01,,Kepler,binary,FALSE POSITIVE,FALSE POSITIVE,0,1,0,0,0.824851807,1.93637,131.6271509,642.2,30099.0,1.185,78.0,5658.0,3.903,1.654,12.372,NASA Exoplanet Archive KOI Cumulative Table,v1_600,42
KIC 8868907,8868907,K03539.01,K03539.01,,Kepler,binary,FALSE POSITIVE,FALSE POSITIVE,0,1,0,0,157.32263943,21.9232,222.900363,1386.8,153930.0,0.888,56.66,6109.0,4.472,0.989,15.291,NASA Exoplanet Archive KOI Cumulative Table,v1_600,42
KIC 8879915,8879915,K07105.01,K07105.01,,Kepler,binary,FALSE POSITIVE,FALSE POSITIVE,0,1,0,0,1.721313779,3.54768,132.5318957,742.8,534620.0,0.315,83.69,5960.0,4.371,1.073,15.187,NASA Exoplanet Archive KOI Cumulative Table,v1_600,42
KIC 8892910,8892910,K00132.01,K00132.01,,Kepler,binary,FALSE POSITIVE,FALSE POSITIVE,0,1,0,0,10.810132734,4.4618,132.95157,806.5,6165.2,0.948,13.95,6211.0,4.269,1.284,13.794,NASA Exoplanet Archive KOI Cumulative Table,v1_600,42
KIC 8906676,8906676,K07108.01,K07108.01,,Kepler,binary,FALSE POSITIVE,FALSE POSITIVE,0,1,0,0,8.209514329,4.14104,134.0632157,6579.3,141390.0,1.079,149.52,6258.0,3.882,2.111,12.121,NASA Exoplanet Archive KOI Cumulative Table,v1_600,42
KIC 8953257,8953257,K01383.01,K01383.01,,Kepler,binary,FALSE POSITIVE,FALSE POSITIVE,0,1,0,0,3.221785738,3.3411,136.141517,336.4,46379.0,0.777,25.03,6250.0,4.411,1.041,14.601,NASA Exoplanet Archive KOI Cumulative Table,v1_600,42
KIC 8973000,8973000,K07118.01,K07118.01,,Kepler,binary,FALSE POSITIVE,FALSE POSITIVE,0,1,0,0,28.027891356,17.3269,158.348172,2829.0,243230.0,0.6493,31.3,5231.0,4.721,0.544,14.594,NASA Exoplanet Archive KOI Cumulative Table,v1_600,42
KIC 9001468,9001468,K07120.01,K07120.01,,Kepler,binary,FALSE POSITIVE,FALSE POSITIVE,0,1,0,0,17.329965871,8.43812,142.727156,1938.7,252720.0,0.705,42.58,5079.0,4.588,0.683,15.2,NASA Exoplanet Archive KOI Cumulative Table,v1_600,42
KIC 9002237,9002237,K01389.01,K01389.01,,Kepler,binary,FALSE POSITIVE,FALSE POSITIVE,0,1,0,0,4.350087749,2.6428,134.800238,192.2,23593.0,0.986,24.77,6060.0,4.495,0.953,14.855,NASA Exoplanet Archive KOI Cumulative Table,v1_600,42
KIC 9025914,9025914,K03596.01,K03596.01,,Kepler,binary,FALSE POSITIVE,FALSE POSITIVE,0,1,0,0,11.320287875,4.82219,131.803042,1539.9,243410.0,0.526,59.23,6153.0,4.302,1.127,16.756,NASA Exoplanet Archive KOI Cumulative Table,v1_600,42
KIC 9029486,9029486,K07126.01,K07126.01,,Kepler,binary,FALSE POSITIVE,FALSE POSITIVE,0,1,0,0,3.138580493,4.16343,132.330622,2387.8,233340.0,0.619,59.24,5593.0,4.311,1.083,13.63,NASA Exoplanet Archive KOI Cumulative Table,v1_600,42
KIC 9049550,9049550,K05606.01,K05606.01,,Kepler,binary,FALSE POSITIVE,FALSE POSITIVE,0,1,0,0,23.81490574,1.9948,135.92167,444.4,79201.0,0.772,63.1,5421.0,3.79,1.89,14.488,NASA Exoplanet Archive KOI Cumulative Table,v1_600,42
KIC 9172506,9172506,K07141.01,K07141.01,,Kepler,binary,FALSE POSITIVE,FALSE POSITIVE,0,1,0,0,50.440285363,12.2001,149.90838,2499.7,85309.0,0.658,51.5,6225.0,4.039,1.646,12.009,NASA Exoplanet Archive KOI Cumulative Table,v1_600,42
KIC 9278021,9278021,K07152.01,K07152.01,,Kepler,binary,FALSE POSITIVE,FALSE POSITIVE,0,1,0,0,3.359470825,2.14715,133.952372,504.1,2707.8,1.281,129.93,6587.0,3.531,3.514,12.983,NASA Exoplanet Archive KOI Cumulative Table,v1_600,42
KIC 9346253,9346253,K01388.01,K01388.01,,Kepler,binary,FALSE POSITIVE,FALSE POSITIVE,0,1,0,0,34.064566412,9.6114,150.452048,1305.9,28450.0,0.524,15.57,6161.0,4.517,0.892,15.443,NASA Exoplanet Archive KOI Cumulative Table,v1_600,42
KIC 9474222,9474222,K07177.01,K07177.01,,Kepler,binary,FALSE POSITIVE,FALSE POSITIVE,0,1,0,0,13.691790011,5.64674,133.7914664,8326.3,97564.0,0.269,49.2,6295.0,4.158,1.554,13.275,NASA Exoplanet Archive KOI Cumulative Table,v1_600,42
KIC 9528430,9528430,K03489.01,K03489.01,,Kepler,binary,FALSE POSITIVE,FALSE POSITIVE,0,1,0,0,90.08255562,19.7301,173.987561,3571.6,43252.0,0.099,49.2,6523.0,3.835,2.343,12.963,NASA Exoplanet Archive KOI Cumulative Table,v1_600,42
KIC 9588822,9588822,K04388.01,K04388.01,,Kepler,binary,FALSE POSITIVE,FALSE POSITIVE,0,1,0,0,71.76236302,29.435,170.095082,1134.3,8591.9,0.052,25.76,5529.0,3.685,2.817,12.045,NASA Exoplanet Archive KOI Cumulative Table,v1_600,42
KIC 9640921,9640921,K07210.01,K07210.01,,Kepler,binary,FALSE POSITIVE,FALSE POSITIVE,0,1,0,0,80.7060641,6.8899,139.436835,268.1,11852.0,0.956,15.47,6053.0,4.494,0.949,15.395,NASA Exoplanet Archive KOI Cumulative Table,v1_600,42
KIC 9661869,9661869,K03647.01,K03647.01,,Kepler,binary,FALSE POSITIVE,FALSE POSITIVE,0,1,0,0,20.427232317,3.46429,135.862807,526.6,121810.0,5.499,601.32,6167.0,4.354,1.121,16.677,NASA Exoplanet Archive KOI Cumulative Table,v1_600,42
KIC 9665503,9665503,K07221.01,K07221.01,,Kepler,binary,FALSE POSITIVE,FALSE POSITIVE,0,1,0,0,11.567974732,5.96595,137.3409726,2341.5,416030.0,0.458,45.65,5290.0,4.669,0.648,15.217,NASA Exoplanet Archive KOI Cumulative Table,v1_600,42
KIC 9761199,9761199,K01459.01,K01459.01,,Kepler,binary,FALSE POSITIVE,FALSE POSITIVE,0,1,0,0,0.692015479,1.1315,133.114177,163.4,4518.1,1.267,19.31,3752.0,4.747,0.497,15.692,NASA Exoplanet Archive KOI Cumulative Table,v1_600,42
KIC 9762519,9762519,K07228.01,K07228.01,,Kepler,binary,FALSE POSITIVE,FALSE POSITIVE,0,1,0,0,7.51514595,3.54486,138.0800379,1676.8,117460.0,0.84,35.8,5624.0,4.516,0.777,13.711,NASA Exoplanet Archive KOI Cumulative Table,v1_600,42
KIC 9777990,9777990,K07963.01,K07963.01,,Kepler,binary,FALSE POSITIVE,FALSE POSITIVE,0,1,0,0,14.3400358,5.7,140.9329,8.0,1706.0,0.006,0.68,3358.0,5.149,0.174,18.013,NASA Exoplanet Archive KOI Cumulative Table,v1_600,42
KIC 9847239,9847239,K05722.01,K05722.01,,Kepler,binary,FALSE POSITIVE,FALSE POSITIVE,0,1,0,0,28.507877538,3.13331,132.793009,449.0,24372.0,1.025,27.79,6131.0,4.497,0.945,14.876,NASA Exoplanet Archive KOI Cumulative Table,v1_600,42
KIC 9902856,9902856,K01556.01,K01556.01,,Kepler,binary,FALSE POSITIVE,FALSE POSITIVE,0,1,0,0,135.9121619,5.628,277.33,99.5,10188.0,1.256,40.18,6141.0,4.468,0.959,15.535,NASA Exoplanet Archive KOI Cumulative Table,v1_600,42
KIC 9963009,9963009,K07265.01,K07265.01,,Kepler,binary,FALSE POSITIVE,FALSE POSITIVE,0,1,0,0,40.069674617,9.3564,153.018227,1304.8,41865.0,0.767,27.38,5911.0,4.321,1.207,14.458,NASA Exoplanet Archive KOI Cumulative Table,v1_600,42
KIC 10020423,10020423,K07273.01,K07273.01,,Kepler,binary,FALSE POSITIVE,FALSE POSITIVE,0,1,0,0,7.448375935,4.23892,137.694513,1837.9,152670.0,0.35,34.37,5636.0,4.489,0.867,15.178,NASA Exoplanet Archive KOI Cumulative Table,v1_600,42
KIC 10031808,10031808,K07278.01,K07278.01,,Kepler,binary,FALSE POSITIVE,FALSE POSITIVE,0,1,0,0,8.589644815,9.49469,132.0206787,5324.6,269520.0,0.686,140.07,6331.0,3.813,2.194,9.557,NASA Exoplanet Archive KOI Cumulative Table,v1_600,42
KIC 10074700,10074700,K05760.01,K05760.01,,Kepler,binary,FALSE POSITIVE,FALSE POSITIVE,0,1,0,0,365.620697,32.263,238.984,671.1,27188.0,0.4173,12.75,5273.0,4.531,0.768,14.622,NASA Exoplanet Archive KOI Cumulative Table,v1_600,42
KIC 10091257,10091257,K07284.01,K07284.01,,Kepler,binary,FALSE POSITIVE,FALSE POSITIVE,0,1,0,0,1.70192371,3.0271,131.955498,351.1,49833.0,0.906,40.15,5826.0,4.273,1.262,12.533,NASA Exoplanet Archive KOI Cumulative Table,v1_600,42
KIC 10208759,10208759,K07295.01,K07295.01,,Kepler,binary,FALSE POSITIVE,FALSE POSITIVE,0,1,0,0,2.287515702,10.0879,132.3567704,3017.9,358580.0,0.346,86.76,6773.0,4.306,1.391,13.99,NASA Exoplanet Archive KOI Cumulative Table,v1_600,42
KIC 10292238,10292238,K03526.01,K03526.01,,Kepler,binary,FALSE POSITIVE,FALSE POSITIVE,0,1,0,0,143.1188694,16.8109,266.359224,1638.0,255710.0,0.703,53.3,5713.0,4.554,0.851,14.996,NASA Exoplanet Archive KOI Cumulative Table,v1_600,42
KIC 10320341,10320341,K05786.01,K05786.01,,Kepler,binary,FALSE POSITIVE,FALSE POSITIVE,0,1,0,0,30.114681501,5.68713,158.5292451,2858.1,87057.0,1.046,56.45,6273.0,4.442,1.044,14.482,NASA Exoplanet Archive KOI Cumulative Table,v1_600,42
KIC 10352938,10352938,K03756.01,K03756.01,,Kepler,binary,FALSE POSITIVE,FALSE POSITIVE,0,1,0,0,6.47173281,7.1964,136.35537,94.5,6472.7,0.267,13.68,6318.0,4.079,1.685,14.35,NASA Exoplanet Archive KOI Cumulative Table,v1_600,42
KIC 10384962,10384962,K00619.01,K00619.01,,Kepler,binary,FALSE POSITIVE,FALSE POSITIVE,0,1,0,0,2.879243323,2.6273,170.710636,200.5,48050.0,0.709,21.02,5941.0,4.533,0.885,14.371,NASA Exoplanet Archive KOI Cumulative Table,v1_600,42
KIC 10385682,10385682,K06223.01,K06223.01,,Kepler,binary,FALSE POSITIVE,FALSE POSITIVE,0,1,0,0,3.103730697,6.93402,132.8744585,5143.6,369230.0,0.539,75.28,6075.0,4.422,1.091,15.001,NASA Exoplanet Archive KOI Cumulative Table,v1_600,42
KIC 10419211,10419211,K00742.01,K00742.01,,Kepler,binary,FALSE POSITIVE,FALSE POSITIVE,0,1,0,0,11.521446064,3.6399,170.839688,622.1,17984.0,2.483,150.51,5795.0,4.554,0.848,15.472,NASA Exoplanet Archive KOI Cumulative Table,v1_600,42
KIC 10462462,10462462,K08013.01,K08013.01,,Kepler,binary,FALSE POSITIVE,FALSE POSITIVE,0,1,0,0,0.85581563,10.27,132.1452541,,,,,,,,16.951,NASA Exoplanet Archive KOI Cumulative Table,v1_600,42
KIC 10468514,10468514,K07331.01,K07331.01,,Kepler,binary,FALSE POSITIVE,FALSE POSITIVE,0,1,0,0,0.84986054,1.3875,132.0547,100.1,6571.5,1.26,67.45,5164.0,3.949,1.676,14.319,NASA Exoplanet Archive KOI Cumulative Table,v1_600,42
KIC 10491554,10491554,K03576.01,K03576.01,,Kepler,binary,FALSE POSITIVE,FALSE POSITIVE,0,1,0,0,22.77196484,8.3476,140.4865,305.2,325450.0,0.603,104.17,6049.0,4.067,1.557,15.018,NASA Exoplanet Archive KOI Cumulative Table,v1_600,42
KIC 10514770,10514770,K01156.01,K01156.01,,Kepler,binary,FALSE POSITIVE,FALSE POSITIVE,0,1,0,0,1.872421727,1.5261,134.366162,179.0,3018.9,0.917,5.65,5337.0,4.486,0.825,15.29,NASA Exoplanet Archive KOI Cumulative Table,v1_600,42
KIC 10549576,10549576,K07341.01,K07341.01,,Kepler,binary,FALSE POSITIVE,FALSE POSITIVE,0,1,0,0,9.089355023,6.4006,139.083714,756.4,101480.0,0.647,68.91,7675.0,4.051,2.015,13.015,NASA Exoplanet Archive KOI Cumulative Table,v1_600,42
KIC 10585738,10585738,Kepler-1415 b,K03032.01,Kepler-1415 b,Kepler,binary,CONFIRMED,FALSE POSITIVE,0,1,0,0,0.636424848,0.947,131.68872,18.1,217.9,0.319,1.31,5343.0,4.538,0.885,15.744,NASA Exoplanet Archive KOI Cumulative Table,v1_600,42
KIC 10593759,10593759,K00025.01,K00025.01,,Kepler,binary,FALSE POSITIVE,FALSE POSITIVE,0,1,0,0,3.132604547,3.6337,136.010454,222.3,9969.2,1.251,48.73,6248.0,4.328,1.181,13.499,NASA Exoplanet Archive KOI Cumulative Table,v1_600,42
KIC 10601579,10601579,K07349.01,K07349.01,,Kepler,binary,FALSE POSITIVE,FALSE POSITIVE,0,1,0,0,8.098754149,5.62354,134.775324,5402.0,56616.0,1.467,123.02,6328.0,4.16,1.45,11.587,NASA Exoplanet Archive KOI Cumulative Table,v1_600,42
KIC 10666230,10666230,K01295.01,K01295.01,,Kepler,binary,FALSE POSITIVE,FALSE POSITIVE,0,1,0,0,1.577800747,2.1626,133.307724,79.6,697.7,1.332,31.24,6089.0,4.566,0.802,15.031,NASA Exoplanet Archive KOI Cumulative Table,v1_600,42
KIC 10728219,10728219,K06229.01,K06229.01,,Kepler,binary,FALSE POSITIVE,FALSE POSITIVE,0,1,0,0,3.371796653,3.4421,134.876289,560.2,366900.0,3.219,306.28,5615.0,4.455,0.912,15.909,NASA Exoplanet Archive KOI Cumulative Table,v1_600,42
KIC 10747445,10747445,K02673.01,K02673.01,,Kepler,binary,FALSE POSITIVE,FALSE POSITIVE,0,1,0,0,4.593595496,2.7468,134.88971,92.0,45034.0,1.147,44.14,5717.0,4.538,0.884,16.444,NASA Exoplanet Archive KOI Cumulative Table,v1_600,42
KIC 10809677,10809677,K07374.01,K07374.01,,Kepler,binary,FALSE POSITIVE,FALSE POSITIVE,0,1,0,0,3.521050679,3.5323,134.218545,337.2,4879.8,1.266,256.2,5149.0,3.109,6.619,13.942,NASA Exoplanet Archive KOI Cumulative Table,v1_600,42
KIC 10816107,10816107,K07377.01,K07377.01,,Kepler,binary,FALSE POSITIVE,FALSE POSITIVE,0,1,0,0,2.161583501,4.0537,131.80273,239.2,50163.0,0.715,29.61,5888.0,4.167,1.219,13.945,NASA Exoplanet Archive KOI Cumulative Table,v1_600,42
KIC 10992733,10992733,K07399.01,K07399.01,,Kepler,binary,FALSE POSITIVE,FALSE POSITIVE,0,1,0,0,18.525917446,5.9056,144.1948764,2246.9,455660.0,0.415,64.42,5492.0,4.533,0.887,15.124,NASA Exoplanet Archive KOI Cumulative Table,v1_600,42
KIC 11147814,11147814,K03334.01,K03334.01,,Kepler,binary,FALSE POSITIVE,FALSE POSITIVE,0,1,0,0,95.178317934,3.60125,224.596785,2279.1,128580.0,0.761,28.75,4523.0,4.615,0.653,14.401,NASA Exoplanet Archive KOI Cumulative Table,v1_600,42
KIC 11401845,11401845,K05894.01,K05894.01,,Kepler,binary,FALSE POSITIVE,FALSE POSITIVE,0,1,0,0,1.080695116,7.449,131.86822,198.8,312770.0,0.62,155.22,7796.0,3.937,2.34,14.355,NASA Exoplanet Archive KOI Cumulative Table,v1_600,42
KIC 11455484,11455484,K03673.01,K03673.01,,Kepler,binary,FALSE POSITIVE,FALSE POSITIVE,0,1,0,0,6.142812722,6.0751,135.16085,316.1,96593.0,0.477,31.9,5780.0,4.438,1.0,16.152,NASA Exoplanet Archive KOI Cumulative Table,v1_600,42
KIC 11501774,11501774,K07451.01,K07451.01,,Kepler,binary,FALSE POSITIVE,FALSE POSITIVE,0,1,0,0,0.691823991,5.965,131.57,18.0,165.9,0.3501,1.23,5226.0,4.404,0.962,15.247,NASA Exoplanet Archive KOI Cumulative Table,v1_600,42
KIC 11519134,11519134,K03419.01,K03419.01,,Kepler,binary,FALSE POSITIVE,FALSE POSITIVE,0,1,0,0,58.5850357,3.5939,140.799676,656.5,75468.0,1.309,149.98,6379.0,3.925,1.994,13.061,NASA Exoplanet Archive KOI Cumulative Table,v1_600,42
KIC 11548140,11548140,K00256.01,K00256.01,,Kepler,binary,FALSE POSITIVE,FALSE POSITIVE,0,1,0,0,1.378649746,1.2232,169.780113,172.2,22462.0,0.099,6.51,3440.0,4.82,0.439,15.373,NASA Exoplanet Archive KOI Cumulative Table,v1_600,42
KIC 11564013,11564013,K03714.01,K03714.01,,Kepler,binary,FALSE POSITIVE,FALSE POSITIVE,0,1,0,0,0.875267982,1.6038,132.03224,44.9,11701.0,1.258,39.19,5821.0,4.402,0.898,15.207,NASA Exoplanet Archive KOI Cumulative Table,v1_600,42
KIC 11656840,11656840,K00774.01,K00774.01,,Kepler,binary,FALSE POSITIVE,FALSE POSITIVE,0,1,0,0,7.442652004,2.3078,169.9717797,835.6,24446.0,0.137,15.03,6108.0,4.469,0.956,15.27,NASA Exoplanet Archive KOI Cumulative Table,v1_600,42
KIC 11769146,11769146,K06089.01,K06089.01,,Kepler,binary,FALSE POSITIVE,FALSE POSITIVE,0,1,0,0,282.9656538,21.4259,193.502758,1365.9,467860.0,0.426,71.61,5999.0,4.494,0.959,13.974,NASA Exoplanet Archive KOI Cumulative Table,v1_600,42
KIC 11774383,11774383,K08065.01,K08065.01,,Kepler,binary,FALSE POSITIVE,FALSE POSITIVE,0,1,0,0,0.520227316,1.7939,131.83796,122.3,68633.0,1.052,50.41,5780.0,4.438,1.0,19.174,NASA Exoplanet Archive KOI Cumulative Table,v1_600,42
KIC 11819135,11819135,K08067.01,K08067.01,,Kepler,binary,FALSE POSITIVE,FALSE POSITIVE,0,1,0,0,1.901655058,4.6545,132.83364,190.6,87321.0,1.032,89.89,6929.0,4.102,1.704,15.064,NASA Exoplanet Archive KOI Cumulative Table,v1_600,42
KIC 11906217,11906217,K07490.01,K07490.01,,Kepler,binary,FALSE POSITIVE,FALSE POSITIVE,0,1,0,0,37.910213899,3.11152,162.458419,1065.9,103470.0,0.963,29.45,4623.0,4.686,0.56,14.43,NASA Exoplanet Archive KOI Cumulative Table,v1_600,42
KIC 11923819,11923819,K07496.01,K07496.01,,Kepler,binary,FALSE POSITIVE,FALSE POSITIVE,0,1,0,0,33.159475806,9.01353,159.8126411,3733.6,222170.0,0.768,146.47,7967.0,4.001,2.379,11.562,NASA Exoplanet Archive KOI Cumulative Table,v1_600,42
KIC 11967004,11967004,K07499.01,K07499.01,,Kepler,binary,FALSE POSITIVE,FALSE POSITIVE,0,1,0,0,1.941635737,2.46683,133.1097354,1243.7,69814.0,1.071,59.71,6525.0,4.381,1.161,13.898,NASA Exoplanet Archive KOI Cumulative Table,v1_600,42
KIC 11974540,11974540,Kepler-470 b,K00129.01,Kepler-470 b,Kepler,binary,CONFIRMED,FALSE POSITIVE,0,1,0,0,24.669192732,7.03515,132.864236,603.0,7382.3,0.073,77.76,5313.0,2.936,9.327,13.224,NASA Exoplanet Archive KOI Cumulative Table,v1_600,42
KIC 12302391,12302391,K07519.01,K07519.01,,Kepler,binary,FALSE POSITIVE,FALSE POSITIVE,0,1,0,0,25.321698729,4.45367,139.687525,673.3,119590.0,0.954,56.62,6109.0,4.455,1.029,15.128,NASA Exoplanet Archive KOI Cumulative Table,v1_600,42
KIC 12453855,12453855,K08080.01,K08080.01,,Kepler,binary,FALSE POSITIVE,FALSE POSITIVE,0,1,0,0,0.559643825,0.677,131.517134,130.7,1812.6,1.264,27.21,5240.0,4.521,0.774,15.36,NASA Exoplanet Archive KOI Cumulative Table,v1_600,42
KIC 12643582,12643582,K03626.01,K03626.01,,Kepler,binary,FALSE POSITIVE,FALSE POSITIVE,0,1,0,0,44.14579777,4.088,167.392037,434.9,224230.0,0.864,62.24,5876.0,4.492,0.896,16.442,NASA Exoplanet Archive KOI Cumulative Table,v1_600,42
KIC 2302997,2302997,K07630.01,K07630.01,,Kepler,candidate,CANDIDATE,CANDIDATE,0,0,0,0,16.2982201,2.558,134.7404,7.9,199.0,0.698,0.78,3905.0,4.736,0.521,14.709,NASA Exoplanet Archive KOI Cumulative Table,v1_600,42
KIC 2437505,2437505,K02671.01,K02671.01,,Kepler,candidate,CANDIDATE,CANDIDATE,0,0,0,0,21.47642727,5.5498,149.26156,124.8,348130.0,0.006,59.5,5780.0,4.438,1.0,17.29,NASA Exoplanet Archive KOI Cumulative Table,v1_600,42
KIC 2446113,2446113,K00379.02,K00379.02,,Kepler,candidate,CANDIDATE,CANDIDATE,0,0,0,0,23.1375919,3.35,152.17335,12.9,114.0,0.429,1.83,6078.0,4.094,1.683,13.319,NASA Exoplanet Archive KOI Cumulative Table,v1_600,42
KIC 2834805,2834805,K07638.01,K07638.01,,Kepler,candidate,CANDIDATE,CANDIDATE,0,0,0,0,25.0032023,5.498,140.90106,12.6,64.1,0.756,1.47,6148.0,4.055,1.685,12.55,NASA Exoplanet Archive KOI Cumulative Table,v1_600,42
KIC 2970670,2970670,K06299.01,K06299.01,,Kepler,candidate,CANDIDATE,CANDIDATE,0,0,0,0,0.947554749,1.097,131.87955,12.4,65.4,0.058,0.67,5508.0,4.569,0.84,13.853,NASA Exoplanet Archive KOI Cumulative Table,v1_600,42
KIC 2975770,2975770,K01788.02,K01788.02,,Kepler,candidate,CANDIDATE,CANDIDATE,0,0,0,0,369.069345,5.832,298.3962,11.7,945.9,0.929,3.07,4855.0,4.542,0.778,14.521,NASA Exoplanet Archive KOI Cumulative Table,v1_600,42
KIC 2992634,2992634,K04960.01,K04960.01,,Kepler,candidate,CANDIDATE,CANDIDATE,0,0,0,0,47.82278681,1.19,134.1402656,,,,,,,,14.395,NASA Exoplanet Archive KOI Cumulative Table,v1_600,42
KIC 3348216,3348216,K03448.01,K03448.01,,Kepler,candidate,CANDIDATE,CANDIDATE,0,0,0,0,32.510844,3.254,136.62491,12.6,361.9,0.421,2.62,6074.0,4.244,1.358,14.863,NASA Exoplanet Archive KOI Cumulative Table,v1_600,42
KIC 3356156,3356156,K04976.01,K04976.01,,Kepler,candidate,CANDIDATE,CANDIDATE,0,0,0,0,624.90338,12.169,241.5869,10.6,249.0,0.0703,2.77,7089.0,4.148,1.729,13.62,NASA Exoplanet Archive KOI Cumulative Table,v1_600,42
KIC 3428127,3428127,K04978.01,K04978.01,,Kepler,candidate,CANDIDATE,CANDIDATE,0,0,0,0,339.18998,5.117,300.2366,7.6,822.0,0.2222,2.75,5544.0,4.402,0.966,15.278,NASA Exoplanet Archive KOI Cumulative Table,v1_600,42
KIC 3539231,3539231,K04626.01,K04626.01,,Kepler,candidate,CANDIDATE,CANDIDATE,0,0,0,0,91.95723,10.471,183.0248,12.3,308.4,0.015,2.66,5854.0,4.114,1.528,14.876,NASA Exoplanet Archive KOI Cumulative Table,v1_600,42
KIC 3553900,3553900,K04992.01,K04992.01,,Kepler,candidate,CANDIDATE,CANDIDATE,0,0,0,0,12.5747207,2.896,142.34553,10.5,323.3,0.588,1.45,5654.0,4.59,0.774,15.133,NASA Exoplanet Archive KOI Cumulative Table,v1_600,42
KIC 3758922,3758922,K04853.01,K04853.01,,Kepler,candidate,CANDIDATE,CANDIDATE,0,0,0,0,17.7412303,4.816,144.3554,9.2,144.7,0.065,1.14,5817.0,4.491,0.956,14.641,NASA Exoplanet Archive KOI Cumulative Table,v1_600,42
KIC 3854496,3854496,K06368.01,K06368.01,,Kepler,candidate,CANDIDATE,CANDIDATE,0,0,0,0,9.4588054,3.66,136.8156,8.6,270.0,0.365,1.78,6247.0,4.433,1.066,15.812,NASA Exoplanet Archive KOI Cumulative Table,v1_600,42
KIC 4048898,4048898,K07678.01,K07678.01,,Kepler,candidate,CANDIDATE,CANDIDATE,0,0,0,0,13.0914878,2.037,143.75198,8.0,37.5,0.145,0.79,5919.0,4.238,1.288,11.993,NASA Exoplanet Archive KOI Cumulative Table,v1_600,42
KIC 4072955,4072955,K03041.01,K03041.01,,Kepler,candidate,CANDIDATE,CANDIDATE,0,0,0,0,5.08288076,2.515,134.00557,12.5,108.0,0.389,1.15,6217.0,4.375,1.083,14.207,NASA Exoplanet Archive KOI Cumulative Table,v1_600,42
KIC 4139254,4139254,K06108.01,K06108.01,,Kepler,candidate,CANDIDATE,CANDIDATE,0,0,0,0,485.92297,3.756,299.5015,5.5,122.9,0.4516,1.07,5551.0,4.386,0.957,12.12,NASA Exoplanet Archive KOI Cumulative Table,v1_600,42
KIC 4172805,4172805,K04427.01,K04427.01,,Kepler,candidate,CANDIDATE,CANDIDATE,0,0,0,0,147.661729,6.207,243.95262,13.2,1087.8,0.002,1.59,3788.0,4.774,0.49,15.645,NASA Exoplanet Archive KOI Cumulative Table,v1_600,42
KIC 4252322,4252322,K00396.01,K00396.01,,Kepler,candidate,CANDIDATE,CANDIDATE,0,0,0,0,14.591504451,1.1295,180.851546,68.0,1490.5,1.21,36.85,5940.0,4.199,1.312,13.311,NASA Exoplanet Archive KOI Cumulative Table,v1_600,42
KIC 4366323,4366323,K03258.01,K03258.01,,Kepler,candidate,CANDIDATE,CANDIDATE,0,0,0,0,40.3511707,3.97,153.40933,11.3,533.5,0.079,1.88,5665.0,4.568,0.82,15.676,NASA Exoplanet Archive KOI Cumulative Table,v1_600,42
KIC 4372620,4372620,K06409.01,K06409.01,,Kepler,candidate,CANDIDATE,CANDIDATE,0,0,0,0,19.9310602,8.48,145.7465,14.2,97.9,0.0766,2.42,5500.0,3.775,2.491,13.37,NASA Exoplanet Archive KOI Cumulative Table,v1_600,42
KIC 4450844,4450844,K03168.01,K03168.01,,Kepler,candidate,CANDIDATE,CANDIDATE,0,0,0,0,56.3479517,8.789,163.3795,15.1,43.6,0.768,1.06,5843.0,4.086,1.471,10.455,NASA Exoplanet Archive KOI Cumulative Table,v1_600,42
KIC 4544670,4544670,K00815.01,K00815.01,,Kepler,candidate,CANDIDATE,CANDIDATE,0,0,0,0,34.84398644,2.9315,172.633252,76.8,4523.6,0.934,7.61,5509.0,4.482,0.871,15.684,NASA Exoplanet Archive KOI Cumulative Table,v1_600,42
KIC 4552729,4552729,K02691.01,K02691.01,,Kepler,candidate,CANDIDATE,CANDIDATE,0,0,0,0,97.4463194,6.765,204.83009,62.8,2141.1,0.063,3.05,4735.0,4.627,0.686,14.981,NASA Exoplanet Archive KOI Cumulative Table,v1_600,42
KIC 4750962,4750962,K05083.01,K05083.01,,Kepler,candidate,CANDIDATE,CANDIDATE,0,0,0,0,69.932459,2.03,145.91179,8.4,264.4,0.0356,8.25,5207.0,3.298,5.183,13.809,NASA Exoplanet Archive KOI Cumulative Table,v1_600,42
KIC 4862924,4862924,K07554.01,K07554.01,,Kepler,candidate,CANDIDATE,CANDIDATE,0,0,0,0,482.62011,12.86,314.0653,8.1,324.0,0.1786,1.98,6315.0,4.389,1.095,14.519,NASA Exoplanet Archive KOI Cumulative Table,v1_600,42
KIC 4902202,4902202,K04717.01,K04717.01,,Kepler,candidate,CANDIDATE,CANDIDATE,0,0,0,0,216.456055,11.067,175.3753,14.2,1002.8,0.033,3.61,5645.0,4.299,1.155,15.58,NASA Exoplanet Archive KOI Cumulative Table,v1_600,42
KIC 4918309,4918309,K01582.01,K01582.01,,Kepler,candidate,CANDIDATE,CANDIDATE,0,0,0,0,186.4361811,5.774,146.91825,66.5,4347.0,0.921,11.32,5393.0,4.132,1.37,15.402,NASA Exoplanet Archive KOI Cumulative Table,v1_600,42
KIC 4935172,4935172,K02962.01,K02962.01,,Kepler,candidate,CANDIDATE,CANDIDATE,0,0,0,0,2.17291055,2.139,131.73552,13.6,76.4,0.362,0.93,6164.0,4.446,1.045,14.229,NASA Exoplanet Archive KOI Cumulative Table,v1_600,42
KIC 4953262,4953262,K05110.01,K05110.01,,Kepler,candidate,CANDIDATE,CANDIDATE,0,0,0,0,105.5904748,2.188,192.30383,9.5,292.4,0.743,8.16,4869.0,3.193,4.383,11.653,NASA Exoplanet Archive KOI Cumulative Table,v1_600,42
KIC 5115978,5115978,K00823.01,K00823.01,,Kepler,candidate,CANDIDATE,CANDIDATE,0,0,0,0,1.028436523,1.8606,170.228582,89.6,8098.0,1.5734,72.77,6228.0,4.428,0.99,15.202,NASA Exoplanet Archive KOI Cumulative Table,v1_600,42
KIC 5129453,5129453,K04208.01,K04208.01,,Kepler,candidate,CANDIDATE,CANDIDATE,0,0,0,0,3.05772668,1.819,133.06692,13.7,311.0,0.007,1.23,4483.0,4.57,0.731,15.745,NASA Exoplanet Archive KOI Cumulative Table,v1_600,42
KIC 5181299,5181299,K05134.01,K05134.01,,Kepler,candidate,CANDIDATE,CANDIDATE,0,0,0,0,573.23826,2.641,343.313,6.8,470.1,0.0078,6.93,5172.0,3.534,3.264,13.815,NASA Exoplanet Archive KOI Cumulative Table,v1_600,42
KIC 5184144,5184144,K05135.01,K05135.01,,Kepler,candidate,CANDIDATE,CANDIDATE,0,0,0,0,314.765374,3.325,283.1235,7.5,732.0,0.158,2.0,5228.0,4.6,0.755,15.578,NASA Exoplanet Archive KOI Cumulative Table,v1_600,42
KIC 5184709,5184709,K01670.01,K01670.01,,Kepler,candidate,CANDIDATE,CANDIDATE,0,0,0,0,10.57910009,1.4553,141.07251,17.9,329.3,0.404,2.03,6323.0,4.418,1.093,14.572,NASA Exoplanet Archive KOI Cumulative Table,v1_600,42
KIC 5193439,5193439,K06538.01,K06538.01,,Kepler,candidate,CANDIDATE,CANDIDATE,0,0,0,0,129.847318,13.057,240.6812,11.1,198.4,0.004,1.45,6133.0,4.427,1.032,14.52,NASA Exoplanet Archive KOI Cumulative Table,v1_600,42
KIC 5283458,5283458,K01547.01,K01547.01,,Kepler,candidate,CANDIDATE,CANDIDATE,0,0,0,0,30.69395532,2.9512,365.665214,196.6,18121.0,0.001,13.72,6137.0,4.46,1.018,15.673,NASA Exoplanet Archive KOI Cumulative Table,v1_600,42
KIC 5385410,5385410,K04323.01,K04323.01,,Kepler,candidate,CANDIDATE,CANDIDATE,0,0,0,0,11.49589567,2.256,139.38053,13.2,108.3,0.295,1.59,6290.0,4.133,1.506,13.582,NASA Exoplanet Archive KOI Cumulative Table,v1_600,42
KIC 5441980,5441980,K00607.01,K00607.01,,Kepler,candidate,CANDIDATE,CANDIDATE,0,0,0,0,5.89399142,1.2737,173.485973,252.5,10993.0,0.867,11.16,5713.0,4.541,0.893,14.377,NASA Exoplanet Archive KOI Cumulative Table,v1_600,42
KIC 5456979,5456979,K06579.01,K06579.01,,Kepler,candidate,CANDIDATE,CANDIDATE,0,0,0,0,2.6528082,2.297,131.5439,9.8,153.1,0.434,1.17,5778.0,4.48,0.935,15.668,NASA Exoplanet Archive KOI Cumulative Table,v1_600,42
KIC 5531953,5531953,K01681.01,K01681.01,,Kepler,candidate,CANDIDATE,CANDIDATE,0,0,0,0,6.93910337,2.977,138.33927,22.9,614.7,0.966,1.41,3638.0,4.844,0.42,15.855,NASA Exoplanet Archive KOI Cumulative Table,v1_600,42
KIC 5546761,5546761,K02160.02,K02160.02,,Kepler,candidate,CANDIDATE,CANDIDATE,0,0,0,0,15.40877383,3.49,139.4831786,,,,,,,,14.874,NASA Exoplanet Archive KOI Cumulative Table,v1_600,42
KIC 5564082,5564082,K06600.01,K06600.01,,Kepler,candidate,CANDIDATE,CANDIDATE,0,0,0,0,2.70581614,6.56,132.53726,41.8,46.9,0.6199,0.69,5992.0,4.42,0.961,10.715,NASA Exoplanet Archive KOI Cumulative Table,v1_600,42
KIC 5613330,5613330,K00649.02,K00649.02,,Kepler,candidate,CANDIDATE,CANDIDATE,0,0,0,0,10.2090268,6.264,140.6805,9.8,36.7,0.213,0.92,6188.0,4.196,1.524,13.31,NASA Exoplanet Archive KOI Cumulative Table,v1_600,42
KIC 5617259,5617259,K07733.01,K07733.01,,Kepler,candidate,CANDIDATE,CANDIDATE,0,0,0,0,1.048130894,5.6707,132.3528023,5.2,191.8,0.216,4.52,7673.0,3.679,3.214,11.86,NASA Exoplanet Archive KOI Cumulative Table,v1_600,42
KIC 5621333,5621333,K03341.01,K03341.01,,Kepler,candidate,CANDIDATE,CANDIDATE,0,0,0,0,27.0965146,8.42,139.3521,16.4,208.4,0.769,2.13,5775.0,4.193,1.352,14.886,NASA Exoplanet Archive KOI Cumulative Table,v1_600,42
KIC 5687986,5687986,K07735.01,K07735.01,,Kepler,candidate,CANDIDATE,CANDIDATE,0,0,0,0,382.30306,8.83,356.7308,9.6,225.6,0.597,4.05,5993.0,3.733,2.59,13.104,NASA Exoplanet Archive KOI Cumulative Table,v1_600,42
KIC 5731623,5731623,K01793.01,K01793.01,,Kepler,candidate,CANDIDATE,CANDIDATE,0,0,0,0,3.261759866,1.7593,131.778858,190.4,3876.1,0.949,8.01,6131.0,4.497,0.945,15.28,NASA Exoplanet Archive KOI Cumulative Table,v1_600,42
KIC 5857656,5857656,K05205.01,K05205.01,,Kepler,candidate,CANDIDATE,CANDIDATE,0,0,0,0,313.051405,10.969,408.62595,39.5,594.9,0.2093,2.91,6218.0,4.322,1.185,12.842,NASA Exoplanet Archive KOI Cumulative Table,v1_600,42
KIC 5858919,5858919,K08109.01,K08109.01,,Kepler,candidate,CANDIDATE,CANDIDATE,0,0,0,0,218.771117,3.201,250.92469,8.4,140.1,0.95,250.2,3297.0,0.236,151.184,12.429,NASA Exoplanet Archive KOI Cumulative Table,v1_600,42
KIC 5946568,5946568,K05211.01,K05211.01,,Kepler,candidate,CANDIDATE,CANDIDATE,0,0,0,0,3.5645249,2.062,134.4518,8.0,53.9,0.188,0.6,5435.0,4.578,0.824,12.936,NASA Exoplanet Archive KOI Cumulative Table,v1_600,42
KIC 5955197,5955197,K08111.01,K08111.01,,Kepler,candidate,CANDIDATE,CANDIDATE,0,0,0,0,359.33831,18.566,152.5082,15.8,977.9,0.176,2.33,5316.0,4.539,0.753,15.825,NASA Exoplanet Archive KOI Cumulative Table,v1_600,42
KIC 5965629,5965629,K05216.01,K05216.01,,Kepler,candidate,CANDIDATE,CANDIDATE,0,0,0,0,377.311149,3.33,411.6189,8.3,804.0,0.3818,2.56,5897.0,4.531,0.891,15.495,NASA Exoplanet Archive KOI Cumulative Table,v1_600,42
KIC 6023571,6023571,K05223.01,K05223.01,,Kepler,candidate,CANDIDATE,CANDIDATE,0,0,0,0,354.21154,18.594,218.299,22.0,821.3,0.2007,8.41,4842.0,3.562,3.035,13.682,NASA Exoplanet Archive KOI Cumulative Table,v1_600,42
KIC 6043490,6043490,K05230.01,K05230.01,,Kepler,candidate,CANDIDATE,CANDIDATE,0,0,0,0,330.738115,4.998,422.7107,8.7,333.3,0.154,4.42,5458.0,3.755,2.453,13.381,NASA Exoplanet Archive KOI Cumulative Table,v1_600,42
KIC 6114140,6114140,K08117.01,K08117.01,,Kepler,candidate,CANDIDATE,CANDIDATE,0,0,0,0,0.933745798,6.447,131.52118,75.3,613.8,0.961,3.45,6367.0,4.419,1.087,15.485,NASA Exoplanet Archive KOI Cumulative Table,v1_600,42
KIC 6144039,6144039,K04602.01,K04602.01,,Kepler,candidate,CANDIDATE,CANDIDATE,0,0,0,0,2.85855049,2.341,132.28415,11.4,85.4,0.972,1.23,5441.0,4.415,0.964,14.636,NASA Exoplanet Archive KOI Cumulative Table,v1_600,42
KIC 6187508,6187508,K06672.01,K06672.01,,Kepler,candidate,CANDIDATE,CANDIDATE,0,0,0,0,2.28494301,1.01,132.92343,10.6,161.8,0.013,1.0,5396.0,4.571,0.789,15.181,NASA Exoplanet Archive KOI Cumulative Table,v1_600,42
KIC 6198182,6198182,K02636.02,K02636.02,,Kepler,candidate,CANDIDATE,CANDIDATE,0,0,0,0,5.1777226,8.275,133.5044,6.1,41.7,0.025,0.63,5854.0,4.469,0.979,12.32,NASA Exoplanet Archive KOI Cumulative Table,v1_600,42
KIC 6266866,6266866,K05254.01,K05254.01,,Kepler,candidate,CANDIDATE,CANDIDATE,0,0,0,0,232.916142,7.037,162.1441,8.5,64.8,0.2313,1.2,5807.0,4.108,1.496,10.926,NASA Exoplanet Archive KOI Cumulative Table,v1_600,42
KIC 6359929,6359929,K05269.01,K05269.01,,Kepler,candidate,CANDIDATE,CANDIDATE,0,0,0,0,371.50631,8.854,260.1243,14.1,992.0,0.0156,2.88,5696.0,4.491,0.924,15.392,NASA Exoplanet Archive KOI Cumulative Table,v1_600,42
KIC 6368222,6368222,K06697.01,K06697.01,,Kepler,candidate,CANDIDATE,CANDIDATE,0,0,0,0,82.97062172,8.22,171.428214,,,,,,,,13.678,NASA Exoplanet Archive KOI Cumulative Table,v1_600,42
KIC 6424561,6424561,K04900.01,K04900.01,,Kepler,candidate,CANDIDATE,CANDIDATE,0,0,0,0,6.6716723,2.693,131.92708,10.3,154.4,0.167,1.27,6086.0,4.435,1.021,15.134,NASA Exoplanet Archive KOI Cumulative Table,v1_600,42
KIC 6425597,6425597,K04861.01,K04861.01,,Kepler,candidate,CANDIDATE,CANDIDATE,0,0,0,0,29.1206519,2.89,138.4718,9.7,415.5,0.195,1.6,5671.0,4.582,0.788,15.536,NASA Exoplanet Archive KOI Cumulative Table,v1_600,42
KIC 6436029,6436029,K02828.02,K02828.02,,Kepler,candidate,CANDIDATE,CANDIDATE,0,0,0,0,505.462916,10.127,458.07755,17.6,1724.0,0.489,3.46,4817.0,4.499,0.833,15.768,NASA Exoplanet Archive KOI Cumulative Table,v1_600,42
KIC 6443093,6443093,K05284.01,K05284.01,,Kepler,candidate,CANDIDATE,CANDIDATE,0,0,0,0,389.316341,5.49,351.36049,34.7,2599.8,1.202,27.61,5731.0,4.44,0.958,14.57,NASA Exoplanet Archive KOI Cumulative Table,v1_600,42
KIC 6508221,6508221,K00416.03,K00416.03,,Kepler,candidate,CANDIDATE,CANDIDATE,0,0,0,0,9.74765878,2.62,139.16424,11.6,102.0,0.658,0.78,5176.0,4.612,0.738,14.29,NASA Exoplanet Archive KOI Cumulative Table,v1_600,42
KIC 6516185,6516185,K02445.01,K02445.01,,Kepler,candidate,CANDIDATE,CANDIDATE,0,0,0,0,47.3659328,7.929,175.0355,16.0,757.0,1.085,11.97,5708.0,4.482,0.902,15.817,NASA Exoplanet Archive KOI Cumulative Table,v1_600,42
KIC 6527078,6527078,K04657.01,K04657.01,,Kepler,candidate,CANDIDATE,CANDIDATE,0,0,0,0,7.57600886,3.361,135.6293,12.5,49.0,0.267,0.54,5361.0,4.588,0.774,13.241,NASA Exoplanet Archive KOI Cumulative Table,v1_600,42
KIC 6594945,6594945,K05300.01,K05300.01,,Kepler,candidate,CANDIDATE,CANDIDATE,0,0,0,0,188.954072,14.17,160.7576,10.9,166.5,0.014,2.46,6392.0,3.967,1.899,13.039,NASA Exoplanet Archive KOI Cumulative Table,v1_600,42
KIC 6599919,6599919,K00858.01,K00858.01,,Kepler,candidate,CANDIDATE,CANDIDATE,0,0,0,0,13.61014819,2.594,173.987319,184.1,5732.9,1.081,19.02,5697.0,4.46,0.903,15.06,NASA Exoplanet Archive KOI Cumulative Table,v1_600,42
KIC 6665860,6665860,K04840.01,K04840.01,,Kepler,candidate,CANDIDATE,CANDIDATE,0,0,0,0,10.4716194,4.512,136.2877,11.7,123.9,0.184,1.74,5812.0,4.083,1.574,14.486,NASA Exoplanet Archive KOI Cumulative Table,v1_600,42
KIC 6675757,6675757,K05310.01,K05310.01,,Kepler,candidate,CANDIDATE,CANDIDATE,0,0,0,0,22.2903562,1.623,152.37929,8.1,130.4,0.028,1.13,5597.0,4.418,1.0,13.993,NASA Exoplanet Archive KOI Cumulative Table,v1_600,42
KIC 6717252,6717252,K04651.01,K04651.01,,Kepler,candidate,CANDIDATE,CANDIDATE,0,0,0,0,1.19260017,1.502,132.66994,11.7,58.0,0.015,0.77,5600.0,4.349,1.013,13.818,NASA Exoplanet Archive KOI Cumulative Table,v1_600,42
KIC 6767227,6767227,K04871.01,K04871.01,,Kepler,candidate,CANDIDATE,CANDIDATE,0,0,0,0,4.08197713,2.943,132.10953,9.3,26.2,0.328,0.6,6538.0,4.339,1.156,13.05,NASA Exoplanet Archive KOI Cumulative Table,v1_600,42
KIC 6864706,6864706,K06781.01,K06781.01,,Kepler,candidate,CANDIDATE,CANDIDATE,0,0,0,0,14.5909249,1.591,142.72,6.3,146.9,0.3084,0.93,5214.0,4.527,0.766,14.953,NASA Exoplanet Archive KOI Cumulative Table,v1_600,42
KIC 6947668,6947668,K03455.01,K03455.01,,Kepler,candidate,CANDIDATE,CANDIDATE,0,0,0,0,14.0545718,4.066,133.0972,11.6,274.3,0.121,1.45,5783.0,4.539,0.88,15.802,NASA Exoplanet Archive KOI Cumulative Table,v1_600,42
KIC 7021681,7021681,K00255.02,K00255.02,,Kepler,candidate,CANDIDATE,CANDIDATE,0,0,0,0,13.6032081,2.592,140.3975,9.4,180.5,0.777,0.75,3780.0,4.746,0.511,15.108,NASA Exoplanet Archive KOI Cumulative Table,v1_600,42
KIC 7051984,7051984,K02879.01,K02879.01,,Kepler,candidate,CANDIDATE,CANDIDATE,0,0,0,0,0.339069751,1.1516,131.86957,38.2,53.2,0.958,2.09,5653.0,3.846,2.183,12.771,NASA Exoplanet Archive KOI Cumulative Table,v1_600,42
KIC 7132462,7132462,K05360.01,K05360.01,,Kepler,candidate,CANDIDATE,CANDIDATE,0,0,0,0,54.595746,2.21,156.83764,8.7,135.8,0.332,2.0,6014.0,3.989,1.699,13.67,NASA Exoplanet Archive KOI Cumulative Table,v1_600,42
KIC 7199397,7199397,K00075.01,K00075.01,,Kepler,candidate,CANDIDATE,CANDIDATE,0,0,0,0,105.8817667,18.044,156.97935,301.8,1556.3,0.539,10.16,5903.0,3.757,2.499,10.775,NASA Exoplanet Archive KOI Cumulative Table,v1_600,42
KIC 7287028,7287028,K07832.01,K07832.01,,Kepler,candidate,CANDIDATE,CANDIDATE,0,0,0,0,3.6092231,2.8,132.463,4.4,52.4,0.364,0.68,6032.0,4.508,0.929,13.534,NASA Exoplanet Archive KOI Cumulative Table,v1_600,42
KIC 7287683,7287683,K01622.01,K01622.01,,Kepler,candidate,CANDIDATE,CANDIDATE,0,0,0,0,69.8347983,8.262,168.78436,46.8,266.6,0.672,3.51,7732.0,4.075,2.022,12.02,NASA Exoplanet Archive KOI Cumulative Table,v1_600,42
KIC 7345335,7345335,K06862.01,K06862.01,,Kepler,candidate,CANDIDATE,CANDIDATE,0,0,0,0,11.0495766,2.13,138.535,5.7,102.8,0.218,0.83,5533.0,4.505,0.819,14.804,NASA Exoplanet Archive KOI Cumulative Table,v1_600,42
KIC 7429287,7429287,K04260.04,K04260.04,,Kepler,candidate,CANDIDATE,CANDIDATE,0,0,0,0,84.799829,15.21,180.4426,14.4,56.1,0.795,1.16,5619.0,4.07,1.406,11.443,NASA Exoplanet Archive KOI Cumulative Table,v1_600,42
KIC 7517261,7517261,K03496.02,K03496.02,,Kepler,candidate,CANDIDATE,CANDIDATE,0,0,0,0,8.5433774,6.149,137.9895,10.3,75.1,0.748,1.58,6602.0,4.108,1.685,13.932,NASA Exoplanet Archive KOI Cumulative Table,v1_600,42
KIC 7692093,7692093,K03337.01,K03337.01,,Kepler,candidate,CANDIDATE,CANDIDATE,0,0,0,0,11.16622885,3.389,134.96951,13.6,353.9,0.176,1.56,5552.0,4.562,0.836,15.927,NASA Exoplanet Archive KOI Cumulative Table,v1_600,42
KIC 7733731,7733731,K04022.01,K04022.01,,Kepler,candidate,CANDIDATE,CANDIDATE,0,0,0,0,4.85819429,5.356,135.14503,25.2,76.3,0.086,2.04,6109.0,3.78,2.326,13.269,NASA Exoplanet Archive KOI Cumulative Table,v1_600,42
KIC 7750419,7750419,K01708.01,K01708.01,,Kepler,candidate,CANDIDATE,CANDIDATE,0,0,0,0,32.7737631,3.416,151.44352,21.7,564.5,0.971,5.0,5640.0,4.076,1.534,14.758,NASA Exoplanet Archive KOI Cumulative Table,v1_600,42
KIC 7813039,7813039,K03787.01,K03787.01,,Kepler,candidate,CANDIDATE,CANDIDATE,0,0,0,0,141.73403059,1.5851,167.345982,157.4,7736.4,0.912,10.3,5606.0,4.478,0.918,13.891,NASA Exoplanet Archive KOI Cumulative Table,v1_600,42
KIC 7820699,7820699,K04555.01,K04555.01,,Kepler,candidate,CANDIDATE,CANDIDATE,0,0,0,0,364.08733,14.09,287.6056,8.8,372.0,0.1702,1.39,5376.0,4.601,0.727,14.816,NASA Exoplanet Archive KOI Cumulative Table,v1_600,42
KIC 7902003,7902003,K03236.01,K03236.01,,Kepler,candidate,CANDIDATE,CANDIDATE,0,0,0,0,7.13044117,2.566,135.594,10.5,31.9,0.068,1.18,6312.0,3.964,2.074,12.31,NASA Exoplanet Archive KOI Cumulative Table,v1_600,42
KIC 7907808,7907808,K04109.01,K04109.01,,Kepler,candidate,CANDIDATE,CANDIDATE,0,0,0,0,0.655939788,1.318,132.09997,18.7,73.0,0.301,1.48,4968.0,3.924,1.755,14.511,NASA Exoplanet Archive KOI Cumulative Table,v1_600,42
KIC 7918652,7918652,K02984.01,K02984.01,,Kepler,candidate,CANDIDATE,CANDIDATE,0,0,0,0,11.45541896,4.95,136.32524,15.8,68.6,0.116,1.12,6231.0,4.276,1.356,13.066,NASA Exoplanet Archive KOI Cumulative Table,v1_600,42
KIC 8022520,8022520,K08272.01,K08272.01,,Kepler,candidate,CANDIDATE,CANDIDATE,0,0,0,0,432.42787,19.63,361.4078,6.0,110.3,0.716,1.14,6263.0,4.46,1.009,13.814,NASA Exoplanet Archive KOI Cumulative Table,v1_600,42
KIC 8094120,8094120,K04881.01,K04881.01,,Kepler,candidate,CANDIDATE,CANDIDATE,0,0,0,0,5.6795377,3.757,132.95,12.5,52.0,0.196,1.16,6514.0,4.09,1.585,12.892,NASA Exoplanet Archive KOI Cumulative Table,v1_600,42
KIC 8107150,8107150,K07863.01,K07863.01,,Kepler,candidate,CANDIDATE,CANDIDATE,0,0,0,0,5.2449156,8.367,136.0365,11.7,35.5,0.019,0.52,5823.0,4.486,0.878,13.695,NASA Exoplanet Archive KOI Cumulative Table,v1_600,42
KIC 8120820,8120820,K06971.01,K06971.01,,Kepler,candidate,CANDIDATE,CANDIDATE,0,0,0,0,129.222771,7.272,255.1859,12.0,445.3,0.867,2.01,4934.0,4.515,0.809,14.784,NASA Exoplanet Archive KOI Cumulative Table,v1_600,42
KIC 8145958,8145958,K06978.01,K06978.01,,Kepler,candidate,CANDIDATE,CANDIDATE,0,0,0,0,3.07551068,1.683,134.46857,10.1,46.1,0.005,0.84,5763.0,4.256,1.242,13.359,NASA Exoplanet Archive KOI Cumulative Table,v1_600,42
KIC 8158429,8158429,K05482.01,K05482.01,,Kepler,candidate,CANDIDATE,CANDIDATE,0,0,0,0,31.707574649,7.6771,138.2539898,5.5,787.3,0.923,2.96,5861.0,4.546,0.865,15.197,NASA Exoplanet Archive KOI Cumulative Table,v1_600,42
KIC 8180290,8180290,K06985.01,K06985.01,,Kepler,candidate,CANDIDATE,CANDIDATE,0,0,0,0,10.9279755,2.486,139.9174,7.3,71.5,0.0956,0.81,6045.0,4.494,0.955,14.347,NASA Exoplanet Archive KOI Cumulative Table,v1_600,42
KIC 8197406,8197406,K05486.01,K05486.01,,Kepler,candidate,CANDIDATE,CANDIDATE,0,0,0,0,4.15472242,1.791,132.61089,19.7,2243.0,0.971,23.47,6996.0,3.627,3.359,12.572,NASA Exoplanet Archive KOI Cumulative Table,v1_600,42
KIC 8222627,8222627,K04098.01,K04098.01,,Kepler,candidate,CANDIDATE,CANDIDATE,0,0,0,0,1.121733366,1.032,131.56919,13.6,84.3,0.464,2.39,5023.0,3.682,2.571,13.875,NASA Exoplanet Archive KOI Cumulative Table,v1_600,42
KIC 8223445,8223445,K05487.01,K05487.01,,Kepler,candidate,CANDIDATE,CANDIDATE,0,0,0,0,48.8130123,1.538,157.60638,8.8,702.0,0.0608,2.95,6202.0,4.395,1.11,15.861,NASA Exoplanet Archive KOI Cumulative Table,v1_600,42
KIC 8227464,8227464,K06994.01,K06994.01,,Kepler,candidate,CANDIDATE,CANDIDATE,0,0,0,0,4.25907841,4.513,135.5815,11.5,28.1,0.362,0.7,5560.0,4.173,1.316,12.832,NASA Exoplanet Archive KOI Cumulative Table,v1_600,42
KIC 8240904,8240904,K01070.03,K01070.03,,Kepler,candidate,CANDIDATE,CANDIDATE,0,0,0,0,92.77779,6.64,367.6112,5.2,359.0,0.0174,1.92,5888.0,4.444,1.019,15.59,NASA Exoplanet Archive KOI Cumulative Table,v1_600,42
KIC 8294683,8294683,K05499.01,K05499.01,,Kepler,candidate,CANDIDATE,CANDIDATE,0,0,0,0,122.58481,22.37,178.4735,7.6,318.9,0.3468,1.19,5003.0,4.602,0.669,15.443,NASA Exoplanet Archive KOI Cumulative Table,v1_600,42
KIC 8355178,8355178,K06178.01,K06178.01,,Kepler,candidate,CANDIDATE,CANDIDATE,0,0,0,0,13.0327301,3.902,133.6778,11.1,242.3,0.67,1.64,6122.0,4.471,0.996,15.863,NASA Exoplanet Archive KOI Cumulative Table,v1_600,42
KIC 8396405,8396405,K01733.01,K01733.01,,Kepler,candidate,CANDIDATE,CANDIDATE,0,0,0,0,19.18109525,2.424,141.37097,17.6,865.4,0.007,1.72,5214.0,4.673,0.587,15.73,NASA Exoplanet Archive KOI Cumulative Table,v1_600,42
KIC 8430053,8430053,K04603.01,K04603.01,,Kepler,candidate,CANDIDATE,CANDIDATE,0,0,0,0,15.9513866,2.285,146.45425,9.2,99.2,0.197,1.17,6451.0,4.375,1.168,13.629,NASA Exoplanet Archive KOI Cumulative Table,v1_600,42
KIC 8432249,8432249,K05517.01,K05517.01,,Kepler,candidate,CANDIDATE,CANDIDATE,0,0,0,0,335.43143,10.3,395.1813,6.8,228.1,0.4062,7.12,5172.0,3.315,4.721,13.938,NASA Exoplanet Archive KOI Cumulative Table,v1_600,42
KIC 8546542,8546542,K03073.01,K03073.01,,Kepler,candidate,CANDIDATE,CANDIDATE,0,0,0,0,7.40985182,1.131,138.18222,13.5,201.1,0.234,1.18,5462.0,4.56,0.836,14.449,NASA Exoplanet Archive KOI Cumulative Table,v1_600,42
KIC 8548454,8548454,K05541.01,K05541.01,,Kepler,candidate,CANDIDATE,CANDIDATE,0,0,0,0,339.633833,8.859,260.9552,12.0,517.8,0.111,2.04,5823.0,4.522,0.901,14.699,NASA Exoplanet Archive KOI Cumulative Table,v1_600,42
KIC 8613446,8613446,K07069.01,K07069.01,,Kepler,candidate,CANDIDATE,CANDIDATE,0,0,0,0,1.01485981,1.65,131.6159,8.4,243.0,0.185,1.61,6158.0,4.453,1.024,15.572,NASA Exoplanet Archive KOI Cumulative Table,v1_600,42
KIC 8628761,8628761,K04580.01,K04580.01,,Kepler,candidate,CANDIDATE,CANDIDATE,0,0,0,0,6.30432354,2.508,137.29688,10.7,40.0,0.665,1.23,6728.0,3.987,1.836,13.01,NASA Exoplanet Archive KOI Cumulative Table,v1_600,42
KIC 8636539,8636539,K02656.01,K02656.01,,Kepler,candidate,CANDIDATE,CANDIDATE,0,0,0,0,6.77367892,3.579,138.07568,15.1,150.7,0.228,1.33,6392.0,4.425,1.072,15.024,NASA Exoplanet Archive KOI Cumulative Table,v1_600,42
KIC 8807988,8807988,K05572.01,K05572.01,,Kepler,candidate,CANDIDATE,CANDIDATE,0,0,0,0,21.9578446,1.038,135.06742,6.7,96.6,0.1492,0.78,5192.0,4.583,0.802,13.596,NASA Exoplanet Archive KOI Cumulative Table,v1_600,42
KIC 8873090,8873090,K02968.01,K02968.01,,Kepler,candidate,CANDIDATE,CANDIDATE,0,0,0,0,10.16435076,6.017,136.43034,18.4,37.7,0.915,1.99,6133.0,3.718,2.71,11.912,NASA Exoplanet Archive KOI Cumulative Table,v1_600,42
KIC 8880317,8880317,K07915.01,K07915.01,,Kepler,candidate,CANDIDATE,CANDIDATE,0,0,0,0,382.5891,11.7,372.8314,10.5,298.2,0.042,2.15,6337.0,4.261,1.239,13.678,NASA Exoplanet Archive KOI Cumulative Table,v1_600,42
KIC 8890417,8890417,K05580.01,K05580.01,,Kepler,candidate,CANDIDATE,CANDIDATE,0,0,0,0,173.219879,1.875,201.2993,5.7,239.5,0.5113,2.41,6007.0,4.158,1.518,13.957,NASA Exoplanet Archive KOI Cumulative Table,v1_600,42
KIC 8915379,8915379,K05583.01,K05583.01,,Kepler,candidate,CANDIDATE,CANDIDATE,0,0,0,0,20.5858591,3.069,140.6753,6.6,260.2,0.7233,1.31,5523.0,4.526,0.753,15.306,NASA Exoplanet Archive KOI Cumulative Table,v1_600,42
KIC 8946267,8946267,K05588.01,K05588.01,,Kepler,candidate,CANDIDATE,CANDIDATE,0,0,0,0,542.91133,15.9,409.6919,13.1,750.1,0.3766,2.27,5583.0,4.559,0.824,15.373,NASA Exoplanet Archive KOI Cumulative Table,v1_600,42
KIC 8973285,8973285,K04782.02,K04782.02,,Kepler,candidate,CANDIDATE,CANDIDATE,0,0,0,0,4.29251656,4.254,134.4818,11.0,249.5,1.007,3.66,6032.0,4.485,0.973,15.85,NASA Exoplanet Archive KOI Cumulative Table,v1_600,42
KIC 9117416,9117416,K03425.03,K03425.03,,Kepler,candidate,CANDIDATE,CANDIDATE,0,0,0,0,7.64370363,2.738,137.87526,13.2,70.9,0.785,1.85,6120.0,3.934,2.0,13.266,NASA Exoplanet Archive KOI Cumulative Table,v1_600,42
KIC 9119458,9119458,K00525.01,K00525.01,,Kepler,candidate,CANDIDATE,CANDIDATE,0,0,0,0,11.53029332,1.8385,173.726435,57.6,1209.3,0.027,3.98,5770.0,4.289,1.152,14.539,NASA Exoplanet Archive KOI Cumulative Table,v1_600,42
KIC 9221528,9221528,K03355.01,K03355.01,,Kepler,candidate,CANDIDATE,CANDIDATE,0,0,0,0,16.2953228,4.882,144.7982,12.9,229.1,0.587,1.6,6187.0,4.432,1.013,15.11,NASA Exoplanet Archive KOI Cumulative Table,v1_600,42
KIC 9229807,9229807,K05645.01,K05645.01,,Kepler,candidate,CANDIDATE,CANDIDATE,0,0,0,0,580.85326788,16.63,386.2877879,,,,,,,,15.927,NASA Exoplanet Archive KOI Cumulative Table,v1_600,42
KIC 9274092,9274092,K05649.01,K05649.01,,Kepler,candidate,CANDIDATE,CANDIDATE,0,0,0,0,426.942225,3.965,485.38171,11.8,1209.0,0.2981,2.32,5126.0,4.623,0.669,15.218,NASA Exoplanet Archive KOI Cumulative Table,v1_600,42
KIC 9347899,9347899,K00935.04,K00935.04,,Kepler,candidate,CANDIDATE,CANDIDATE,0,0,0,0,9.61731426,3.8692,142.47479,18.2,234.0,0.331,1.94,6035.0,4.22,1.257,15.237,NASA Exoplanet Archive KOI Cumulative Table,v1_600,42
KIC 9391817,9391817,K05663.01,K05663.01,,Kepler,candidate,CANDIDATE,CANDIDATE,0,0,0,0,140.884533,10.245,243.1411,16.4,158.0,0.013,1.52,5960.0,4.306,1.213,13.06,NASA Exoplanet Archive KOI Cumulative Table,v1_600,42
KIC 9397862,9397862,K05666.01,K05666.01,,Kepler,candidate,CANDIDATE,CANDIDATE,0,0,0,0,182.453195,2.721,282.5445,5.2,184.0,0.0792,1.26,6164.0,4.483,0.927,13.872,NASA Exoplanet Archive KOI Cumulative Table,v1_600,42
KIC 9425139,9425139,K01411.01,K01411.01,,Kepler,candidate,CANDIDATE,CANDIDATE,0,0,0,0,305.0762469,6.255,294.06794,113.4,4042.8,0.695,7.82,5716.0,4.348,1.155,13.377,NASA Exoplanet Archive KOI Cumulative Table,v1_600,42
KIC 9456887,9456887,K05677.01,K05677.01,,Kepler,candidate,CANDIDATE,CANDIDATE,0,0,0,0,20.5142642,3.524,148.7293,9.0,153.2,0.256,1.14,5221.0,4.422,0.936,14.9,NASA Exoplanet Archive KOI Cumulative Table,v1_600,42
KIC 9466486,9466486,K05680.01,K05680.01,,Kepler,candidate,CANDIDATE,CANDIDATE,0,0,0,0,557.92882,4.788,210.68,8.1,262.2,0.1034,2.97,5553.0,3.805,1.844,13.263,NASA Exoplanet Archive KOI Cumulative Table,v1_600,42
KIC 9475697,9475697,K05684.01,K05684.01,,Kepler,candidate,CANDIDATE,CANDIDATE,0,0,0,0,206.801125,6.6,246.8488,16.7,716.0,0.6772,24.34,5048.0,2.978,8.611,11.128,NASA Exoplanet Archive KOI Cumulative Table,v1_600,42
KIC 9478990,9478990,K00423.02,K00423.02,,Kepler,candidate,CANDIDATE,CANDIDATE,0,0,0,0,360.477635,4.332,253.9112,7.3,604.0,72.848,11943.8,6266.0,4.101,1.522,14.327,NASA Exoplanet Archive KOI Cumulative Table,v1_600,42
KIC 9491832,9491832,K04226.01,K04226.01,,Kepler,candidate,CANDIDATE,CANDIDATE,0,0,0,0,49.564693,8.54,170.6973,15.0,113.5,0.685,1.63,5907.0,4.212,1.442,12.83,NASA Exoplanet Archive KOI Cumulative Table,v1_600,42
KIC 9532603,9532603,K05688.01,K05688.01,,Kepler,candidate,CANDIDATE,CANDIDATE,0,0,0,0,14.5555096,2.07,132.8686,8.1,725.0,0.528,2.03,5176.0,4.612,0.738,16.897,NASA Exoplanet Archive KOI Cumulative Table,v1_600,42
KIC 9588862,9588862,K07195.01,K07195.01,,Kepler,candidate,CANDIDATE,CANDIDATE,0,0,0,0,5.89773974,2.243,133.42423,8.1,77.9,0.1566,1.0,6300.0,4.371,1.126,14.742,NASA Exoplanet Archive KOI Cumulative Table,v1_600,42
KIC 9674789,9674789,K05704.01,K05704.01,,Kepler,candidate,CANDIDATE,CANDIDATE,0,0,0,0,96.16705,2.775,134.6749,7.2,270.7,0.1194,1.15,5147.0,4.617,0.716,13.419,NASA Exoplanet Archive KOI Cumulative Table,v1_600,42
KIC 9702945,9702945,K04822.01,K04822.01,,Kepler,candidate,CANDIDATE,CANDIDATE,0,0,0,0,3.51413723,3.919,132.40707,11.2,32.7,0.9353,0.69,6201.0,4.472,0.989,13.474,NASA Exoplanet Archive KOI Cumulative Table,v1_600,42
KIC 9716028,9716028,K04273.01,K04273.01,,Kepler,candidate,CANDIDATE,CANDIDATE,0,0,0,0,17.3731821,3.36,138.28747,14.0,71.7,0.227,1.31,6180.0,4.155,1.54,12.677,NASA Exoplanet Archive KOI Cumulative Table,v1_600,42
KIC 9773980,9773980,K04691.01,K04691.01,,Kepler,candidate,CANDIDATE,CANDIDATE,0,0,0,0,3.3879165,1.818,133.93645,10.4,78.6,0.117,1.09,5702.0,4.247,1.245,14.491,NASA Exoplanet Archive KOI Cumulative Table,v1_600,42
KIC 9815053,9815053,K02923.01,K02923.01,,Kepler,candidate,CANDIDATE,CANDIDATE,0,0,0,0,5.83892993,1.1066,136.90293,15.3,237.4,0.319,1.19,5279.0,4.588,0.769,14.628,NASA Exoplanet Archive KOI Cumulative Table,v1_600,42
KIC 9832379,9832379,K05715.01,K05715.01,,Kepler,candidate,CANDIDATE,CANDIDATE,0,0,0,0,189.961729,12.46,288.3907,11.9,699.9,0.1845,1.93,5335.0,4.613,0.742,15.713,NASA Exoplanet Archive KOI Cumulative Table,v1_600,42
KIC 9838582,9838582,K05718.01,K05718.01,,Kepler,candidate,CANDIDATE,CANDIDATE,0,0,0,0,233.64574,10.05,297.494,7.6,2268.0,0.0691,5.2,5780.0,4.438,1.0,17.106,NASA Exoplanet Archive KOI Cumulative Table,v1_600,42
KIC 9839030,9839030,K05719.01,K05719.01,,Kepler,candidate,CANDIDATE,CANDIDATE,0,0,0,0,27.285315,7.47,153.656,9.6,396.5,0.213,2.19,6304.0,4.407,1.094,14.71,NASA Exoplanet Archive KOI Cumulative Table,v1_600,42
KIC 9843517,9843517,K03480.01,K03480.01,,Kepler,candidate,CANDIDATE,CANDIDATE,0,0,0,0,11.9378354,4.652,133.2612,9.6,246.0,0.036,1.15,5469.0,4.611,0.738,15.954,NASA Exoplanet Archive KOI Cumulative Table,v1_600,42
KIC 9873004,9873004,K07970.01,K07970.01,,Kepler,candidate,CANDIDATE,CANDIDATE,0,0,0,0,1.98514635,1.625,132.02682,11.0,233.4,0.126,1.28,5581.0,4.559,0.845,15.988,NASA Exoplanet Archive KOI Cumulative Table,v1_600,42
KIC 9906688,9906688,K07976.01,K07976.01,,Kepler,candidate,CANDIDATE,CANDIDATE,0,0,0,0,5.82561701,3.246,136.0369,9.2,142.8,0.635,1.21,5999.0,4.459,0.967,15.449,NASA Exoplanet Archive KOI Cumulative Table,v1_600,42
KIC 9910043,9910043,K05732.01,K05732.01,,Kepler,candidate,CANDIDATE,CANDIDATE,0,0,0,0,39.399926,5.729,160.2611,9.4,341.4,0.544,1.52,5913.0,4.581,0.795,15.453,NASA Exoplanet Archive KOI Cumulative Table,v1_600,42
KIC 9935983,9935983,K05736.01,K05736.01,,Kepler,candidate,CANDIDATE,CANDIDATE,0,0,0,0,161.651504,2.509,289.32322,8.4,253.6,0.736,2.22,5725.0,4.212,1.289,13.756,NASA Exoplanet Archive KOI Cumulative Table,v1_600,42
KIC 9969287,9969287,K04820.01,K04820.01,,Kepler,candidate,CANDIDATE,CANDIDATE,0,0,0,0,14.7401061,5.637,133.5305,10.3,238.0,0.116,1.48,5999.0,4.494,0.959,15.479,NASA Exoplanet Archive KOI Cumulative Table,v1_600,42
KIC 10003058,10003058,K04519.01,K04519.01,,Kepler,candidate,CANDIDATE,CANDIDATE,0,0,0,0,148.568877,4.399,139.60402,11.6,404.4,0.243,5.97,5814.0,3.68,2.985,14.744,NASA Exoplanet Archive KOI Cumulative Table,v1_600,42
KIC 10157458,10157458,K01083.02,K01083.02,,Kepler,candidate,CANDIDATE,CANDIDATE,0,0,0,0,4.57797412,2.862,135.63058,9.6,125.4,0.343,0.96,5795.0,4.554,0.848,15.302,NASA Exoplanet Archive KOI Cumulative Table,v1_600,42
KIC 10199984,10199984,K05776.01,K05776.01,,Kepler,candidate,CANDIDATE,CANDIDATE,0,0,0,0,198.6004,3.53,163.566,9.8,300.8,0.648,4.6,5357.0,3.641,2.522,13.183,NASA Exoplanet Archive KOI Cumulative Table,v1_600,42
KIC 10287723,10287723,K01174.01,K01174.01,,Kepler,candidate,CANDIDATE,CANDIDATE,0,0,0,0,129995.7784,9.408,393.59962,35.7,1474.9,0.7127,2.99,4500.0,4.572,0.726,13.447,NASA Exoplanet Archive KOI Cumulative Table,v1_600,42
KIC 10290666,10290666,K00332.02,K00332.02,,Kepler,candidate,CANDIDATE,CANDIDATE,0,0,0,0,6.86674226,4.216,135.3543,12.3,47.2,0.405,0.79,5914.0,4.396,1.135,13.046,NASA Exoplanet Archive KOI Cumulative Table,v1_600,42
KIC 10339000,10339000,K05787.01,K05787.01,,Kepler,candidate,CANDIDATE,CANDIDATE,0,0,0,0,69.775633,9.205,147.9367,9.7,140.9,0.3519,1.19,6224.0,4.413,0.983,14.333,NASA Exoplanet Archive KOI Cumulative Table,v1_600,42
KIC 10552151,10552151,K05805.01,K05805.01,,Kepler,candidate,CANDIDATE,CANDIDATE,0,0,0,0,525.757041,4.995,306.89848,14.4,830.2,0.11,11.07,5277.0,3.495,3.931,14.519,NASA Exoplanet Archive KOI Cumulative Table,v1_600,42
KIC 10585749,10585749,K04563.01,K04563.01,,Kepler,candidate,CANDIDATE,CANDIDATE,0,0,0,0,54.333582,10.545,144.7536,10.5,152.0,0.823,1.7,5500.0,4.228,1.221,14.487,NASA Exoplanet Archive KOI Cumulative Table,v1_600,42
KIC 10601163,10601163,K05812.01,K05812.01,,Kepler,candidate,CANDIDATE,CANDIDATE,0,0,0,0,3.1318392,1.632,132.123,6.0,159.9,0.3864,1.5,6070.0,4.246,1.159,14.122,NASA Exoplanet Archive KOI Cumulative Table,v1_600,42
KIC 10658177,10658177,K05817.01,K05817.01,,Kepler,candidate,CANDIDATE,CANDIDATE,0,0,0,0,113.083522,10.315,217.1521,13.0,130.7,0.039,1.59,5903.0,4.179,1.4,13.336,NASA Exoplanet Archive KOI Cumulative Table,v1_600,42
KIC 10665228,10665228,K07358.01,K07358.01,,Kepler,candidate,CANDIDATE,CANDIDATE,0,0,0,0,11.3251153,2.126,137.2423,7.0,297.2,0.352,1.26,5334.0,4.574,0.727,15.995,NASA Exoplanet Archive KOI Cumulative Table,v1_600,42
KIC 10749059,10749059,K03086.01,K03086.01,,Kepler,candidate,CANDIDATE,CANDIDATE,0,0,0,0,174.731515,8.257,252.5348,16.5,1179.9,0.021,3.0,5201.0,4.447,0.897,15.707,NASA Exoplanet Archive KOI Cumulative Table,v1_600,42
KIC 10794087,10794087,K01316.02,K01316.02,,Kepler,candidate,CANDIDATE,CANDIDATE,0,0,0,0,12.37679312,3.85,143.3787176,,,,,,,,11.926,NASA Exoplanet Archive KOI Cumulative Table,v1_600,42
KIC 10813078,10813078,K05831.01,K05831.01,,Kepler,candidate,CANDIDATE,CANDIDATE,0,0,0,0,10.552241908,2.7355,132.652083,12.3,954.0,0.025,1.75,4031.0,4.666,0.585,15.712,NASA Exoplanet Archive KOI Cumulative Table,v1_600,42
KIC 10844823,10844823,K08033.01,K08033.01,,Kepler,candidate,CANDIDATE,CANDIDATE,0,0,0,0,362.13187,5.59,369.541,8.2,849.0,0.397,2.23,5176.0,4.567,0.766,15.313,NASA Exoplanet Archive KOI Cumulative Table,v1_600,42
KIC 10907132,10907132,K04503.01,K04503.01,,Kepler,candidate,CANDIDATE,CANDIDATE,0,0,0,0,5.89089509,2.402,132.43645,11.7,267.7,0.282,1.54,5869.0,4.513,0.942,15.683,NASA Exoplanet Archive KOI Cumulative Table,v1_600,42
KIC 10916600,10916600,K02623.02,K02623.02,,Kepler,candidate,CANDIDATE,CANDIDATE,0,0,0,0,4.02664625,3.771,134.3954,8.9,30.0,0.094,0.68,6187.0,4.341,1.238,13.383,NASA Exoplanet Archive KOI Cumulative Table,v1_600,42
KIC 10917433,10917433,K03248.01,K03248.01,,Kepler,candidate,CANDIDATE,CANDIDATE,0,0,0,0,6.91261536,2.359,132.15638,12.0,34.4,0.656,0.64,5761.0,4.383,1.044,12.419,NASA Exoplanet Archive KOI Cumulative Table,v1_600,42
KIC 10978581,10978581,K05847.01,K05847.01,,Kepler,candidate,CANDIDATE,CANDIDATE,0,0,0,0,277.114286,3.926,196.18868,10.4,567.1,0.0288,17.56,5117.0,2.986,7.549,12.348,NASA Exoplanet Archive KOI Cumulative Table,v1_600,42
KIC 11071200,11071200,K02696.01,K02696.01,,Kepler,candidate,CANDIDATE,CANDIDATE,0,0,0,0,96.4562198,11.195,214.74931,54.6,950.5,0.775,9.1,7029.0,3.806,2.704,12.998,NASA Exoplanet Archive KOI Cumulative Table,v1_600,42
KIC 11129145,11129145,K05870.01,K05870.01,,Kepler,candidate,CANDIDATE,CANDIDATE,0,0,0,0,132.114,2.514,238.008,5.7,216.8,0.2502,0.75,4342.0,4.715,0.523,13.586,NASA Exoplanet Archive KOI Cumulative Table,v1_600,42
KIC 11145637,11145637,K05872.01,K05872.01,,Kepler,candidate,CANDIDATE,CANDIDATE,0,0,0,0,46.16051579,2.37,137.0802908,,,,,,,,15.655,NASA Exoplanet Archive KOI Cumulative Table,v1_600,42
KIC 11152511,11152511,K05874.01,K05874.01,,Kepler,candidate,CANDIDATE,CANDIDATE,0,0,0,0,287.33114,12.722,360.8412,19.7,406.7,0.529,2.07,5426.0,4.378,1.007,13.618,NASA Exoplanet Archive KOI Cumulative Table,v1_600,42
KIC 11153121,11153121,K01647.03,K01647.03,,Kepler,candidate,CANDIDATE,CANDIDATE,0,0,0,0,6.33027476,3.67,133.86213,9.8,89.2,0.3288,1.02,5900.0,4.363,1.07,14.167,NASA Exoplanet Archive KOI Cumulative Table,v1_600,42
KIC 11241560,11241560,K07426.01,K07426.01,,Kepler,candidate,CANDIDATE,CANDIDATE,0,0,0,0,6.96197304,2.806,135.55021,8.8,151.3,0.103,0.97,5008.0,4.506,0.814,15.352,NASA Exoplanet Archive KOI Cumulative Table,v1_600,42
KIC 11282568,11282568,K07430.01,K07430.01,,Kepler,candidate,CANDIDATE,CANDIDATE,0,0,0,0,1.320499473,1.184,132.61488,12.0,204.0,0.15,18.94,5172.0,2.693,13.454,11.466,NASA Exoplanet Archive KOI Cumulative Table,v1_600,42
KIC 11296045,11296045,K04396.04,K04396.04,,Kepler,candidate,CANDIDATE,CANDIDATE,0,0,0,0,437.51586139,4.16,522.0553193,,,,,,,,12.981,NASA Exoplanet Archive KOI Cumulative Table,v1_600,42
KIC 11357664,11357664,K04464.01,K04464.01,,Kepler,candidate,CANDIDATE,CANDIDATE,0,0,0,0,4.373570433,0.623,133.82814,14.5,366.0,0.1,1.23,4362.0,4.623,0.64,15.194,NASA Exoplanet Archive KOI Cumulative Table,v1_600,42
KIC 11393633,11393633,K05893.01,K05893.01,,Kepler,candidate,CANDIDATE,CANDIDATE,0,0,0,0,405.6296,11.26,245.7373,5.8,304.3,0.4652,1.4,5583.0,4.58,0.79,15.006,NASA Exoplanet Archive KOI Cumulative Table,v1_600,42
KIC 11453930,11453930,K05900.01,K05900.01,,Kepler,candidate,CANDIDATE,CANDIDATE,0,0,0,0,355.84731,16.68,447.657,9.8,123.9,0.1578,1.68,6823.0,4.212,1.493,13.127,NASA Exoplanet Archive KOI Cumulative Table,v1_600,42
KIC 11462341,11462341,K02124.01,K02124.01,,Kepler,candidate,CANDIDATE,CANDIDATE,0,0,0,0,42.3375799,4.924,158.25187,18.1,354.8,0.947,1.45,4132.0,4.682,0.581,14.275,NASA Exoplanet Archive KOI Cumulative Table,v1_600,42
KIC 11462969,11462969,K06239.01,K06239.01,,Kepler,candidate,CANDIDATE,CANDIDATE,0,0,0,0,406.496216,3.495,325.9025,6.9,380.2,0.5052,1.77,5847.0,4.525,0.884,13.893,NASA Exoplanet Archive KOI Cumulative Table,v1_600,42
KIC 11493378,11493378,K05905.01,K05905.01,,Kepler,candidate,CANDIDATE,CANDIDATE,0,0,0,0,35.6606167,1.59,151.4719632,,,,,,,,13.951,NASA Exoplanet Archive KOI Cumulative Table,v1_600,42
KIC 11602794,11602794,K07460.01,K07460.01,,Kepler,candidate,CANDIDATE,CANDIDATE,0,0,0,0,5.70509519,1.58,136.20183,9.2,283.6,0.469,1.58,5455.0,4.448,0.927,15.597,NASA Exoplanet Archive KOI Cumulative Table,v1_600,42
KIC 11722217,11722217,K05930.01,K05930.01,,Kepler,candidate,CANDIDATE,CANDIDATE,0,0,0,0,302.77571,3.183,323.5739,7.1,1106.0,0.1265,1.0,3358.0,4.944,0.303,15.755,NASA Exoplanet Archive KOI Cumulative Table,v1_600,42
KIC 11922778,11922778,K03408.01,K03408.01,,Kepler,candidate,CANDIDATE,CANDIDATE,0,0,0,0,65.427645,9.404,176.2733,15.6,319.0,0.004,1.65,6014.0,4.504,0.926,14.821,NASA Exoplanet Archive KOI Cumulative Table,v1_600,42
KIC 12007270,12007270,K05948.01,K05948.01,,Kepler,candidate,CANDIDATE,CANDIDATE,0,0,0,0,398.51312,5.41,165.2177,5.9,249.2,0.5091,1.23,5776.0,4.596,0.759,13.843,NASA Exoplanet Archive KOI Cumulative Table,v1_600,42
KIC 12009917,12009917,K05949.01,K05949.01,,Kepler,candidate,CANDIDATE,CANDIDATE,0,0,0,0,559.785594,3.496,433.1966,7.3,274.8,0.411,1.88,6201.0,4.352,1.111,13.295,NASA Exoplanet Archive KOI Cumulative Table,v1_600,42
KIC 12066767,12066767,K05951.01,K05951.01,,Kepler,candidate,CANDIDATE,CANDIDATE,0,0,0,0,194.25835342,3.15,288.4461343,,,,,,,,15.779,NASA Exoplanet Archive KOI Cumulative Table,v1_600,42
KIC 12071775,12071775,K05952.01,K05952.01,,Kepler,candidate,CANDIDATE,CANDIDATE,0,0,0,0,164.507439,11.428,212.7605,11.7,433.8,0.3819,2.15,5866.0,4.382,1.02,15.025,NASA Exoplanet Archive KOI Cumulative Table,v1_600,42
KIC 12105086,12105086,K05954.01,K05954.01,,Kepler,candidate,CANDIDATE,CANDIDATE,0,0,0,0,73.908995,3.916,159.8067,7.0,100.5,0.4947,0.94,5865.0,4.518,0.918,13.144,NASA Exoplanet Archive KOI Cumulative Table,v1_600,42
KIC 12109267,12109267,K04457.01,K04457.01,,Kepler,candidate,CANDIDATE,CANDIDATE,0,0,0,0,79.334347,10.886,144.0233,14.6,164.9,0.652,1.56,6384.0,4.33,1.15,13.815,NASA Exoplanet Archive KOI Cumulative Table,v1_600,42
KIC 12120943,12120943,K01458.01,K01458.01,,Kepler,candidate,CANDIDATE,CANDIDATE,0,0,0,0,8.98128472,5.0397,354.83042,76.6,4924.0,0.294,7.19,5977.0,4.473,1.022,15.703,NASA Exoplanet Archive KOI Cumulative Table,v1_600,42
KIC 12600735,12600735,K00548.02,K00548.02,,Kepler,candidate,CANDIDATE,CANDIDATE,0,0,0,0,6.0799457,2.706,136.444,7.3,55.1,0.097,0.86,6008.0,4.35,1.168,14.02,NASA Exoplanet Archive KOI Cumulative Table,v1_600,42
KIC 12645057,12645057,K04497.01,K04497.01,,Kepler,candidate,CANDIDATE,CANDIDATE,0,0,0,0,6.83006228,3.315,135.76099,12.1,187.4,0.006,1.09,5807.0,4.576,0.8,15.17,NASA Exoplanet Archive KOI Cumulative Table,v1_600,42
KIC 12647757,12647757,K08241.01,K08241.01,,Kepler,candidate,CANDIDATE,CANDIDATE,0,0,0,0,490.63941,16.5,561.5837,9.6,268.8,0.015,7.67,5037.0,3.252,4.817,13.227,NASA Exoplanet Archive KOI Cumulative Table,v1_600,42
KIC 12785320,12785320,K00298.02,K00298.02,,Kepler,candidate,CANDIDATE,CANDIDATE,0,0,0,0,57.3840375,4.336,170.72723,22.9,241.7,0.954,1.62,5250.0,4.541,0.79,12.713,NASA Exoplanet Archive KOI Cumulative Table,v1_600,42
KIC 1027438,1027438,K01010.01,K01010.01,,Kepler,nontransit,FALSE POSITIVE,FALSE POSITIVE,1,0,0,0,110.61576622,5.0,145.83537,,,,,,,,13.62,NASA Exoplanet Archive KOI Cumulative Table,v1_600,42
KIC 1161949,1161949,K04920.01,K04920.01,,Kepler,nontransit,FALSE POSITIVE,FALSE POSITIVE,1,0,0,0,473.95103,11.778,366.0309,9.6,330.6,0.1671,3.32,6513.0,4.02,1.81,13.978,NASA Exoplanet Archive KOI Cumulative Table,v1_600,42
KIC 1297263,1297263,K04922.01,K04922.01,,Kepler,nontransit,FALSE POSITIVE,FALSE POSITIVE,1,0,0,0,153.521361,3.893,281.2973,5.7,255.2,0.1485,3.09,6233.0,3.951,1.921,13.636,NASA Exoplanet Archive KOI Cumulative Table,v1_600,42
KIC 1868404,1868404,K07625.01,K07625.01,,Kepler,nontransit,FALSE POSITIVE,FALSE POSITIVE,1,0,0,0,6.12601169,1.733,134.83637,7.0,40.2,0.422,0.83,5679.0,4.146,1.286,12.975,NASA Exoplanet Archive KOI Cumulative Table,v1_600,42
KIC 2305255,2305255,K04935.01,K04935.01,,Kepler,nontransit,FALSE POSITIVE,FALSE POSITIVE,1,0,0,0,24.5714867,29.96,156.0157,31.1,506.4,0.978,3.04,5977.0,4.462,0.956,14.924,NASA Exoplanet Archive KOI Cumulative Table,v1_600,42
KIC 2554853,2554853,K04911.01,K04911.01,,Kepler,nontransit,FALSE POSITIVE,FALSE POSITIVE,1,0,0,0,309.494217,13.716,375.9225,14.5,292.0,0.0542,2.79,6908.0,4.085,1.614,12.512,NASA Exoplanet Archive KOI Cumulative Table,v1_600,42
KIC 2573108,2573108,K03217.01,K03217.01,,Kepler,nontransit,FALSE POSITIVE,FALSE POSITIVE,1,0,0,0,5.09506,5.73,132.4511,7.6,23.6,0.691,2.14,6700.0,3.48,4.146,12.062,NASA Exoplanet Archive KOI Cumulative Table,v1_600,42
KIC 2582800,2582800,K04949.01,K04949.01,,Kepler,nontransit,FALSE POSITIVE,FALSE POSITIVE,1,0,0,0,615.16033,3.958,226.4594,5.4,267.1,0.1544,4.48,7937.0,3.882,2.711,13.503,NASA Exoplanet Archive KOI Cumulative Table,v1_600,42
KIC 2853780,2853780,K02081.02,K02081.02,,Kepler,nontransit,FALSE POSITIVE,FALSE POSITIVE,1,0,0,0,589.17968,10.2,185.0175,7.7,253.4,0.0431,4.91,5295.0,3.617,3.152,13.439,NASA Exoplanet Archive KOI Cumulative Table,v1_600,42
KIC 2861126,2861126,K04957.01,K04957.01,,Kepler,nontransit,FALSE POSITIVE,FALSE POSITIVE,1,0,0,0,105.52127462,2.52,145.4682374,,,,,,,,15.555,NASA Exoplanet Archive KOI Cumulative Table,v1_600,42
KIC 2969638,2969638,K06298.01,K06298.01,,Kepler,nontransit,FALSE POSITIVE,FALSE POSITIVE,1,0,0,0,1.97362159,3.29,131.90168,,,,,,,,13.954,NASA Exoplanet Archive KOI Cumulative Table,v1_600,42
KIC 3003673,3003673,K04962.01,K04962.01,,Kepler,nontransit,FALSE POSITIVE,FALSE POSITIVE,1,0,0,0,57.1143966,2.182,166.4525,5.9,268.8,0.1765,1.82,6136.0,4.378,1.106,14.245,NASA Exoplanet Archive KOI Cumulative Table,v1_600,42
KIC 3117115,3117115,K04964.01,K04964.01,,Kepler,nontransit,FALSE POSITIVE,FALSE POSITIVE,1,0,0,0,485.91276,2.42,213.3906,7.0,1368.0,0.598,3.61,5957.0,4.506,0.937,15.645,NASA Exoplanet Archive KOI Cumulative Table,v1_600,42
KIC 3240406,3240406,K03185.01,K03185.01,,Kepler,nontransit,FALSE POSITIVE,FALSE POSITIVE,1,0,0,0,0.934181579,3.943,132.39492,19.8,12.1,0.62,0.79,7624.0,4.029,2.152,11.219,NASA Exoplanet Archive KOI Cumulative Table,v1_600,42
KIC 3245638,3245638,K04970.01,K04970.01,,Kepler,nontransit,FALSE POSITIVE,FALSE POSITIVE,1,0,0,0,232.822285,0.99,253.934,8.8,22617.0,1.2469,48.88,6106.0,4.487,0.966,13.122,NASA Exoplanet Archive KOI Cumulative Table,v1_600,42
KIC 3341982,3341982,K04974.01,K04974.01,,Kepler,nontransit,FALSE POSITIVE,FALSE POSITIVE,1,0,0,0,514.14221,4.153,439.365,5.8,1491.0,0.1024,2.98,5524.0,4.579,0.78,15.773,NASA Exoplanet Archive KOI Cumulative Table,v1_600,42
KIC 3546821,3546821,K04990.01,K04990.01,,Kepler,nontransit,FALSE POSITIVE,FALSE POSITIVE,1,0,0,0,561.08191,14.94,133.5178,9.8,229.1,0.4298,1.93,6014.0,4.264,1.258,12.602,NASA Exoplanet Archive KOI Cumulative Table,v1_600,42
KIC 3555178,3555178,K04994.01,K04994.01,,Kepler,nontransit,FALSE POSITIVE,FALSE POSITIVE,1,0,0,0,528.10984,18.01,155.1493,8.4,89.8,0.2535,0.77,5618.0,4.566,0.811,12.143,NASA Exoplanet Archive KOI Cumulative Table,v1_600,42
KIC 3632330,3632330,K04995.01,K04995.01,,Kepler,nontransit,FALSE POSITIVE,FALSE POSITIVE,1,0,0,0,63.12379762,1.87,147.195046,,,,,,,,15.008,NASA Exoplanet Archive KOI Cumulative Table,v1_600,42
KIC 3644649,3644649,K04998.01,K04998.01,,Kepler,nontransit,FALSE POSITIVE,FALSE POSITIVE,1,0,0,0,598.31791,16.07,295.9314,8.3,283.2,0.5712,1.27,5216.0,4.613,0.735,14.415,NASA Exoplanet Archive KOI Cumulative Table,v1_600,42
KIC 3730176,3730176,K05002.01,K05002.01,,Kepler,nontransit,FALSE POSITIVE,FALSE POSITIVE,1,0,0,0,399.49671,5.351,368.4202,6.9,139.3,0.0814,1.39,6224.0,4.321,1.177,12.796,NASA Exoplanet Archive KOI Cumulative Table,v1_600,42
KIC 3761319,3761319,K06104.01,K06104.01,,Kepler,nontransit,FALSE POSITIVE,FALSE POSITIVE,1,0,0,0,16.2480865,8.232,143.96708,21.1,438.7,0.928,2.38,5729.0,4.436,0.923,14.708,NASA Exoplanet Archive KOI Cumulative Table,v1_600,42
KIC 3763724,3763724,K05008.01,K05008.01,,Kepler,nontransit,FALSE POSITIVE,FALSE POSITIVE,1,0,0,0,225.43420422,13.02,210.1832295,,,,,,,,15.166,NASA Exoplanet Archive KOI Cumulative Table,v1_600,42
KIC 3831523,3831523,K06361.01,K06361.01,,Kepler,nontransit,FALSE POSITIVE,FALSE POSITIVE,1,0,0,0,1.529283907,14.0075,131.4176092,41.5,54.8,0.981,2.26,6438.0,3.829,2.266,11.268,NASA Exoplanet Archive KOI Cumulative Table,v1_600,42
KIC 3839294,3839294,K07669.01,K07669.01,,Kepler,nontransit,FALSE POSITIVE,FALSE POSITIVE,1,0,0,0,137.665706,3.732,240.44616,11.7,536.9,0.041,15.41,4832.0,2.953,6.897,13.199,NASA Exoplanet Archive KOI Cumulative Table,v1_600,42
KIC 3858884,3858884,K06371.01,K06371.01,,Kepler,nontransit,FALSE POSITIVE,FALSE POSITIVE,1,0,0,0,25.95193721,15.9897,154.881253,915.3,399170.0,0.51,123.34,6569.0,4.008,1.729,9.277,NASA Exoplanet Archive KOI Cumulative Table,v1_600,42
KIC 4142768,4142768,K06387.01,K06387.01,,Kepler,nontransit,FALSE POSITIVE,FALSE POSITIVE,1,0,0,0,13.99585365,5.0308,131.65924,118.1,19681.0,2.095,368.42,5638.0,3.597,2.703,12.12,NASA Exoplanet Archive KOI Cumulative Table,v1_600,42
KIC 4144873,4144873,K07686.01,K07686.01,,Kepler,nontransit,FALSE POSITIVE,FALSE POSITIVE,1,0,0,0,68.538296,3.627,186.21716,11.3,1087.0,0.002,25.77,4687.0,2.613,8.123,13.983,NASA Exoplanet Archive KOI Cumulative Table,v1_600,42
KIC 4274816,4274816,K05053.01,K05053.01,,Kepler,nontransit,FALSE POSITIVE,FALSE POSITIVE,1,0,0,0,14.3641542,2.629,144.2631,6.5,89.2,0.2764,0.98,5925.0,4.364,1.033,14.016,NASA Exoplanet Archive KOI Cumulative Table,v1_600,42
KIC 4276445,4276445,K08092.01,K08092.01,,Kepler,nontransit,FALSE POSITIVE,FALSE POSITIVE,1,0,0,0,405.65377,11.02,266.3288,7.7,521.0,0.102,2.03,6102.0,4.528,0.887,15.24,NASA Exoplanet Archive KOI Cumulative Table,v1_600,42
KIC 4281023,4281023,K05055.01,K05055.01,,Kepler,nontransit,FALSE POSITIVE,FALSE POSITIVE,1,0,0,0,230.385488,3.134,268.65697,9.3,568.1,0.2423,10.13,5024.0,3.241,4.331,13.264,NASA Exoplanet Archive KOI Cumulative Table,v1_600,42
KIC 4367528,4367528,K04440.01,K04440.01,,Kepler,nontransit,FALSE POSITIVE,FALSE POSITIVE,1,0,0,0,350.81029,11.29,147.6369,15.1,538.3,0.3892,2.86,5841.0,4.321,1.226,14.982,NASA Exoplanet Archive KOI Cumulative Table,v1_600,42
KIC 4449752,4449752,K05060.01,K05060.01,,Kepler,nontransit,FALSE POSITIVE,FALSE POSITIVE,1,0,0,0,290.438547,12.85,283.0998,11.9,212.9,0.0916,1.11,5392.0,4.557,0.775,13.064,NASA Exoplanet Archive KOI Cumulative Table,v1_600,42
KIC 4476423,4476423,K02481.01,K02481.01,,Kepler,nontransit,FALSE POSITIVE,FALSE POSITIVE,1,0,0,0,33.8542586,12.689,132.1329,10.0,253.3,0.1881,15.96,4553.0,2.605,10.472,13.605,NASA Exoplanet Archive KOI Cumulative Table,v1_600,42
KIC 4483235,4483235,K07550.01,K07550.01,,Kepler,nontransit,FALSE POSITIVE,FALSE POSITIVE,1,0,0,0,1.7609276,5.189,132.30263,26.1,57.3,0.29,1.53,8784.0,4.156,1.967,13.505,NASA Exoplanet Archive KOI Cumulative Table,v1_600,42
KIC 4540508,4540508,K05069.01,K05069.01,,Kepler,nontransit,FALSE POSITIVE,FALSE POSITIVE,1,0,0,0,362.1273,6.719,302.6897,6.5,1098.0,0.0924,1.68,3734.0,4.74,0.513,15.84,NASA Exoplanet Archive KOI Cumulative Table,v1_600,42
KIC 4548162,4548162,K04809.01,K04809.01,,Kepler,nontransit,FALSE POSITIVE,FALSE POSITIVE,1,0,0,0,10.0102876,5.33,131.8186,7.0,127.1,0.5667,0.69,4214.0,4.65,0.601,15.761,NASA Exoplanet Archive KOI Cumulative Table,v1_600,42
KIC 4565943,4565943,K05070.01,K05070.01,,Kepler,nontransit,FALSE POSITIVE,FALSE POSITIVE,1,0,0,0,353.36705,3.279,412.2698,7.0,34.1,0.2481,2.6,8892.0,3.592,4.35,9.725,NASA Exoplanet Archive KOI Cumulative Table,v1_600,42
KIC 4569590,4569590,K06426.01,K06426.01,,Kepler,nontransit,FALSE POSITIVE,FALSE POSITIVE,1,0,0,0,41.3701638,29.254,166.1673,91.3,6907.1,0.653,59.95,4764.0,2.777,6.883,12.799,NASA Exoplanet Archive KOI Cumulative Table,v1_600,42
KIC 4571004,4571004,K04355.04,K04355.04,,Kepler,nontransit,FALSE POSITIVE,FALSE POSITIVE,1,0,0,0,28.5463574,9.29,159.2763,10.1,153.3,0.2411,1.35,5780.0,4.438,1.0,13.482,NASA Exoplanet Archive KOI Cumulative Table,v1_600,42
KIC 4586482,4586482,K05073.01,K05073.01,,Kepler,nontransit,FALSE POSITIVE,FALSE POSITIVE,1,0,0,0,623.005238,23.5615,201.386299,2386.6,140330.0,0.895,66.64,5689.0,4.299,1.207,14.023,NASA Exoplanet Archive KOI Cumulative Table,v1_600,42
KIC 4645492,4645492,K08095.01,K08095.01,,Kepler,nontransit,FALSE POSITIVE,FALSE POSITIVE,1,0,0,0,508.04103,5.398,361.7222,9.9,371.7,0.476,1.89,5672.0,4.503,0.965,13.942,NASA Exoplanet Archive KOI Cumulative Table,v1_600,42
KIC 4735826,4735826,Kepler-1972 c,K03184.02,Kepler-1972 c,Kepler,nontransit,CONFIRMED,FALSE POSITIVE,1,0,0,0,11.3220104,5.86,142.7143,8.1,17.1,0.1749,0.91,6003.0,3.825,2.193,11.158,NASA Exoplanet Archive KOI Cumulative Table,v1_600,42
KIC 4937140,4937140,K05106.01,K05106.01,,Kepler,nontransit,FALSE POSITIVE,FALSE POSITIVE,1,0,0,0,215.044269,3.517,225.6177,8.7,351.1,0.121,1.89,5651.0,4.374,1.02,14.088,NASA Exoplanet Archive KOI Cumulative Table,v1_600,42
KIC 4953173,4953173,K04676.02,K04676.02,,Kepler,nontransit,FALSE POSITIVE,FALSE POSITIVE,1,0,0,0,3.36379289,23.7,132.9065,36.9,136.3,1.159,44.77,5947.0,3.814,2.407,13.931,NASA Exoplanet Archive KOI Cumulative Table,v1_600,42
KIC 5015027,5015027,K05114.01,K05114.01,,Kepler,nontransit,FALSE POSITIVE,FALSE POSITIVE,1,0,0,0,34.4886903,1.22,137.00685,6.3,59.9,0.5544,0.71,5629.0,4.487,0.886,12.157,NASA Exoplanet Archive KOI Cumulative Table,v1_600,42
KIC 5080346,5080346,K06509.01,K06509.01,,Kepler,nontransit,FALSE POSITIVE,FALSE POSITIVE,1,0,0,0,2.31169425,8.689,132.3203,16.0,38.4,0.628,1.76,9451.0,3.97,2.679,13.234,NASA Exoplanet Archive KOI Cumulative Table,v1_600,42
KIC 5091075,5091075,K06514.01,K06514.01,,Kepler,nontransit,FALSE POSITIVE,FALSE POSITIVE,1,0,0,0,1.25625738,9.726,131.7577,50.1,15.2,0.8208,1.32,7450.0,3.68,3.063,11.857,NASA Exoplanet Archive KOI Cumulative Table,v1_600,42
KIC 5111801,5111801,K06521.01,K06521.01,,Kepler,nontransit,FALSE POSITIVE,FALSE POSITIVE,1,0,0,0,0.562006231,3.496,132.0289,12.8,14.2,0.678,0.58,6609.0,4.17,1.455,9.807,NASA Exoplanet Archive KOI Cumulative Table,v1_600,42
KIC 5168498,5168498,K07719.01,K07719.01,,Kepler,nontransit,FALSE POSITIVE,FALSE POSITIVE,1,0,0,0,219.74735,22.48,239.9455,12.7,190.4,0.097,3.24,5127.0,3.602,2.38,12.821,NASA Exoplanet Archive KOI Cumulative Table,v1_600,42
KIC 5200084,5200084,K03159.01,K03159.01,,Kepler,nontransit,FALSE POSITIVE,FALSE POSITIVE,1,0,0,0,2.9039446,10.542,133.8526,32.0,13.1,0.686,1.17,7846.0,3.829,3.05,9.162,NASA Exoplanet Archive KOI Cumulative Table,v1_600,42
KIC 5211631,5211631,K05139.01,K05139.01,,Kepler,nontransit,FALSE POSITIVE,FALSE POSITIVE,1,0,0,0,294.202469,2.36,221.2782,5.2,248.2,0.0219,2.61,6897.0,4.121,1.635,11.733,NASA Exoplanet Archive KOI Cumulative Table,v1_600,42
KIC 5213005,5213005,K05140.01,K05140.01,,Kepler,nontransit,FALSE POSITIVE,FALSE POSITIVE,1,0,0,0,484.58335927,3.2,569.5386194,,,,,,,,13.999,NASA Exoplanet Archive KOI Cumulative Table,v1_600,42
KIC 5260419,5260419,K05143.01,K05143.01,,Kepler,nontransit,FALSE POSITIVE,FALSE POSITIVE,1,0,0,0,19.93826636,1.77,145.9495067,,,,,,,,15.986,NASA Exoplanet Archive KOI Cumulative Table,v1_600,42
KIC 5265982,5265982,K05146.01,K05146.01,,Kepler,nontransit,FALSE POSITIVE,FALSE POSITIVE,1,0,0,0,628.592314,3.603,270.9081,7.6,393.7,0.8176,6.99,5058.0,3.497,3.117,12.275,NASA Exoplanet Archive KOI Cumulative Table,v1_600,42
KIC 5271637,5271637,K05147.01,K05147.01,,Kepler,nontransit,FALSE POSITIVE,FALSE POSITIVE,1,0,0,0,471.37787,16.91,365.397,12.2,102.9,0.0666,1.31,5831.0,4.236,1.305,11.985,NASA Exoplanet Archive KOI Cumulative Table,v1_600,42
KIC 5276332,5276332,K07723.01,K07723.01,,Kepler,nontransit,FALSE POSITIVE,FALSE POSITIVE,1,0,0,0,357.82544,9.12,255.208,11.1,152.5,0.636,1.7,6131.0,4.248,1.312,12.117,NASA Exoplanet Archive KOI Cumulative Table,v1_600,42
KIC 5303185,5303185,K05151.01,K05151.01,,Kepler,nontransit,FALSE POSITIVE,FALSE POSITIVE,1,0,0,0,26.1537851,1.802,145.2879,6.2,228.6,0.2437,1.47,6091.0,4.487,0.967,14.833,NASA Exoplanet Archive KOI Cumulative Table,v1_600,42
KIC 5440435,5440435,K05166.01,K05166.01,,Kepler,nontransit,FALSE POSITIVE,FALSE POSITIVE,1,0,0,0,78.04064906,2.15,137.0269121,,,,,,,,12.878,NASA Exoplanet Archive KOI Cumulative Table,v1_600,42
KIC 5446285,5446285,K00142.02,K00142.02,,Kepler,nontransit,FALSE POSITIVE,FALSE POSITIVE,1,0,0,0,339.42934084,7.5,187.5194914,,,,,,,,13.113,NASA Exoplanet Archive KOI Cumulative Table,v1_600,42
KIC 5446961,5446961,K05170.01,K05170.01,,Kepler,nontransit,FALSE POSITIVE,FALSE POSITIVE,1,0,0,0,149.526152,3.033,196.8608,7.6,753.0,0.4364,1.69,3978.0,4.642,0.628,15.345,NASA Exoplanet Archive KOI Cumulative Table,v1_600,42
KIC 5598216,5598216,K08101.01,K08101.01,,Kepler,nontransit,FALSE POSITIVE,FALSE POSITIVE,1,0,0,0,373.8716,16.78,186.6688,10.3,382.7,0.246,2.19,5846.0,4.258,1.116,13.683,NASA Exoplanet Archive KOI Cumulative Table,v1_600,42
KIC 5603270,5603270,K05182.01,K05182.01,,Kepler,nontransit,FALSE POSITIVE,FALSE POSITIVE,1,0,0,0,103.284757,1.674,147.79022,5.5,78.4,0.6314,1.96,6185.0,3.878,2.101,12.97,NASA Exoplanet Archive KOI Cumulative Table,v1_600,42
KIC 5623137,5623137,K05185.01,K05185.01,,Kepler,nontransit,FALSE POSITIVE,FALSE POSITIVE,1,0,0,0,419.95929,13.86,354.2265,5.9,196.2,0.4834,1.53,5953.0,4.314,1.068,14.44,NASA Exoplanet Archive KOI Cumulative Table,v1_600,42
KIC 5638699,5638699,K08256.01,K08256.01,,Kepler,nontransit,FALSE POSITIVE,FALSE POSITIVE,1,0,0,0,343.56446,18.94,203.9865,8.4,179.6,0.433,1.8,5770.0,4.2,1.326,14.217,NASA Exoplanet Archive KOI Cumulative Table,v1_600,42
KIC 5697628,5697628,K06615.01,K06615.01,,Kepler,nontransit,FALSE POSITIVE,FALSE POSITIVE,1,0,0,0,1.95119541,1.907,133.3951,7.7,59.7,0.1533,0.47,4936.0,4.681,0.628,15.105,NASA Exoplanet Archive KOI Cumulative Table,v1_600,42
KIC 5698524,5698524,K05193.01,K05193.01,,Kepler,nontransit,FALSE POSITIVE,FALSE POSITIVE,1,0,0,0,228.196872,3.525,323.9146,6.9,145.3,0.5034,1.42,6425.0,4.331,1.138,13.061,NASA Exoplanet Archive KOI Cumulative Table,v1_600,42
KIC 5700900,5700900,K04100.01,K04100.01,,Kepler,nontransit,FALSE POSITIVE,FALSE POSITIVE,1,0,0,0,379.08202,33.87,287.504,23.2,1609.1,1.181,23.99,5982.0,4.493,0.96,15.813,NASA Exoplanet Archive KOI Cumulative Table,v1_600,42
KIC 5709014,5709014,K05194.01,K05194.01,,Kepler,nontransit,FALSE POSITIVE,FALSE POSITIVE,1,0,0,0,287.46579664,9.06,242.2768409,,,,,,,,13.695,NASA Exoplanet Archive KOI Cumulative Table,v1_600,42
KIC 5709226,5709226,K08104.01,K08104.01,,Kepler,nontransit,FALSE POSITIVE,FALSE POSITIVE,1,0,0,0,317.99484,7.28,393.0306,8.4,719.0,0.405,2.22,5665.0,4.568,0.82,15.181,NASA Exoplanet Archive KOI Cumulative Table,v1_600,42
KIC 5732636,5732636,K05195.01,K05195.01,,Kepler,nontransit,FALSE POSITIVE,FALSE POSITIVE,1,0,0,0,32.245486,13.86,158.2607,10.0,93.6,0.2216,1.18,6197.0,4.242,1.208,9.931,NASA Exoplanet Archive KOI Cumulative Table,v1_600,42
KIC 5781991,5781991,K05199.01,K05199.01,,Kepler,nontransit,FALSE POSITIVE,FALSE POSITIVE,1,0,0,0,501.51698,3.809,449.5543,6.9,487.0,0.0768,1.99,5796.0,4.466,0.906,14.768,NASA Exoplanet Archive KOI Cumulative Table,v1_600,42
KIC 5791713,5791713,K05201.01,K05201.01,,Kepler,nontransit,FALSE POSITIVE,FALSE POSITIVE,1,0,0,0,531.33282,3.702,295.2843,7.1,669.0,0.3099,2.67,6163.0,4.457,1.022,15.191,NASA Exoplanet Archive KOI Cumulative Table,v1_600,42
KIC 5809372,5809372,K06630.01,K06630.01,,Kepler,nontransit,FALSE POSITIVE,FALSE POSITIVE,1,0,0,0,34.6506368,10.287,143.0279,21.6,502.5,0.973,12.35,6681.0,3.465,4.185,12.954,NASA Exoplanet Archive KOI Cumulative Table,v1_600,42
KIC 5957181,5957181,K04132.01,K04132.01,,Kepler,nontransit,FALSE POSITIVE,FALSE POSITIVE,1,0,0,0,393.34331,9.481,264.7706,21.2,1750.0,0.2607,2.27,3994.0,4.717,0.554,15.646,NASA Exoplanet Archive KOI Cumulative Table,v1_600,42
KIC 6041511,6041511,K06649.01,K06649.01,,Kepler,nontransit,FALSE POSITIVE,FALSE POSITIVE,1,0,0,0,0.97705114,2.33,132.1871,7.4,20.1,0.603,0.77,6527.0,4.162,1.631,13.566,NASA Exoplanet Archive KOI Cumulative Table,v1_600,42
KIC 6119923,6119923,K04552.01,K04552.01,,Kepler,nontransit,FALSE POSITIVE,FALSE POSITIVE,1,0,0,0,134.4665,5.27,265.424,6.7,1032.0,0.2848,2.48,4891.0,4.524,0.791,15.126,NASA Exoplanet Archive KOI Cumulative Table,v1_600,42
KIC 6182093,6182093,K06143.01,K06143.01,,Kepler,nontransit,FALSE POSITIVE,FALSE POSITIVE,1,0,0,0,297.113395,4.529,309.1459,10.1,275.4,0.0322,5.37,6626.0,3.676,3.206,9.666,NASA Exoplanet Archive KOI Cumulative Table,v1_600,42
KIC 6182508,6182508,K08261.01,K08261.01,,Kepler,nontransit,FALSE POSITIVE,FALSE POSITIVE,1,0,0,0,85.9770426,1.919,159.3127,8.0,1064.0,0.042,1.46,3710.0,4.797,0.452,15.901,NASA Exoplanet Archive KOI Cumulative Table,v1_600,42
KIC 6200529,6200529,K04502.01,K04502.01,,Kepler,nontransit,FALSE POSITIVE,FALSE POSITIVE,1,0,0,0,374.92478,18.05,265.3585,6.0,610.0,0.348,1.67,4407.0,4.593,0.69,15.822,NASA Exoplanet Archive KOI Cumulative Table,v1_600,42
KIC 6359175,6359175,K04703.01,K04703.01,,Kepler,nontransit,FALSE POSITIVE,FALSE POSITIVE,1,0,0,0,349.03703,4.76,331.8869,11.6,777.0,0.1215,2.27,5583.0,4.559,0.824,15.499,NASA Exoplanet Archive KOI Cumulative Table,v1_600,42
KIC 6421137,6421137,K04739.01,K04739.01,,Kepler,nontransit,FALSE POSITIVE,FALSE POSITIVE,1,0,0,0,118.4039,5.593,195.109,4.4,426.0,0.4062,3.46,6486.0,4.091,1.64,11.426,NASA Exoplanet Archive KOI Cumulative Table,v1_600,42
KIC 6437617,6437617,K04564.01,K04564.01,,Kepler,nontransit,FALSE POSITIVE,FALSE POSITIVE,1,0,0,0,293.60581,11.07,373.1896,8.4,165.3,0.0927,1.37,6167.0,4.444,1.064,14.279,NASA Exoplanet Archive KOI Cumulative Table,v1_600,42
KIC 6437993,6437993,K06708.01,K06708.01,,Kepler,nontransit,FALSE POSITIVE,FALSE POSITIVE,1,0,0,0,1.39797542,9.06,131.6767,15.5,43.2,0.077,0.49,5074.0,4.536,0.761,12.763,NASA Exoplanet Archive KOI Cumulative Table,v1_600,42
KIC 6515335,6515335,K04074.01,K04074.01,,Kepler,nontransit,FALSE POSITIVE,FALSE POSITIVE,1,0,0,0,185.53285,31.46,310.2503,19.9,877.0,1.2682,28.39,5817.0,4.544,0.87,15.692,NASA Exoplanet Archive KOI Cumulative Table,v1_600,42
KIC 6515722,6515722,K03818.01,K03818.01,,Kepler,nontransit,FALSE POSITIVE,FALSE POSITIVE,1,0,0,0,1.908525084,4.169,131.77571,26.9,218.9,0.015,3.74,9174.0,4.013,2.471,11.721,NASA Exoplanet Archive KOI Cumulative Table,v1_600,42
KIC 6522124,6522124,K05292.01,K05292.01,,Kepler,nontransit,FALSE POSITIVE,FALSE POSITIVE,1,0,0,0,43.60012467,1.48,163.4367382,,,,,,,,15.385,NASA Exoplanet Archive KOI Cumulative Table,v1_600,42
KIC 6548447,6548447,K06730.01,K06730.01,,Kepler,nontransit,FALSE POSITIVE,FALSE POSITIVE,1,0,0,0,10.768391927,12.5252,137.679347,2085.7,107380.0,0.001,52.8,5226.0,3.97,1.643,12.88,NASA Exoplanet Archive KOI Cumulative Table,v1_600,42
KIC 6593968,6593968,K06148.01,K06148.01,,Kepler,nontransit,FALSE POSITIVE,FALSE POSITIVE,1,0,0,0,23.19923256,2.09,146.6907294,,,,,,,,15.778,NASA Exoplanet Archive KOI Cumulative Table,v1_600,42
KIC 6599949,6599949,K04233.01,K04233.01,,Kepler,nontransit,FALSE POSITIVE,FALSE POSITIVE,1,0,0,0,409.2452,13.06,265.2465,12.8,531.2,0.0176,2.1,5910.0,4.466,0.911,15.42,NASA Exoplanet Archive KOI Cumulative Table,v1_600,42
KIC 6600515,6600515,K05302.01,K05302.01,,Kepler,nontransit,FALSE POSITIVE,FALSE POSITIVE,1,0,0,0,372.04697,14.29,259.4285,25.2,673.4,0.0457,2.7,6173.0,4.447,1.041,14.726,NASA Exoplanet Archive KOI Cumulative Table,v1_600,42
KIC 6612973,6612973,K05306.01,K05306.01,,Kepler,nontransit,FALSE POSITIVE,FALSE POSITIVE,1,0,0,0,681.01756,8.74,136.3997,9.2,133.9,0.362,1.69,6295.0,4.091,1.435,12.119,NASA Exoplanet Archive KOI Cumulative Table,v1_600,42
KIC 6629156,6629156,K06747.01,K06747.01,,Kepler,nontransit,FALSE POSITIVE,FALSE POSITIVE,1,0,0,0,0.71538172,5.0,131.5505,,,,,,,,14.67,NASA Exoplanet Archive KOI Cumulative Table,v1_600,42
KIC 6679504,6679504,K07788.01,K07788.01,,Kepler,nontransit,FALSE POSITIVE,FALSE POSITIVE,1,0,0,0,0.798467681,0.86,132.04627,9.4,120.7,0.331,0.82,5575.0,4.557,0.733,15.89,NASA Exoplanet Archive KOI Cumulative Table,v1_600,42
KIC 6780367,6780367,K07789.01,K07789.01,,Kepler,nontransit,FALSE POSITIVE,FALSE POSITIVE,1,0,0,0,175.358905,5.34,212.2454,9.1,215.0,0.034,2.9,5109.0,3.757,2.02,13.385,NASA Exoplanet Archive KOI Cumulative Table,v1_600,42
KIC 6795089,6795089,K07792.01,K07792.01,,Kepler,nontransit,FALSE POSITIVE,FALSE POSITIVE,1,0,0,0,96.231257,2.488,217.00033,8.8,938.0,0.442,29.26,4895.0,2.674,9.529,13.648,NASA Exoplanet Archive KOI Cumulative Table,v1_600,42
KIC 6852354,6852354,K04889.01,K04889.01,,Kepler,nontransit,FALSE POSITIVE,FALSE POSITIVE,1,0,0,0,101.97435125,2.34,163.8034772,,,,,,,,15.968,NASA Exoplanet Archive KOI Cumulative Table,v1_600,42
KIC 6863840,6863840,K06779.01,K06779.01,,Kepler,nontransit,FALSE POSITIVE,FALSE POSITIVE,1,0,0,0,1.926366998,3.98088,131.7468446,1093.2,399530.0,0.498,53.63,5176.0,4.542,0.76,15.138,NASA Exoplanet Archive KOI Cumulative Table,v1_600,42
KIC 7024045,7024045,K05347.01,K05347.01,,Kepler,nontransit,FALSE POSITIVE,FALSE POSITIVE,1,0,0,0,23.9341825,1.607,145.76028,6.5,228.1,0.0465,1.03,4415.0,4.58,0.715,14.869,NASA Exoplanet Archive KOI Cumulative Table,v1_600,42
KIC 7045435,7045435,K04608.01,K04608.01,,Kepler,nontransit,FALSE POSITIVE,FALSE POSITIVE,1,0,0,0,0.93479255,4.5838,131.88578,78.3,247.5,1.2,24.75,6018.0,4.33,1.053,14.198,NASA Exoplanet Archive KOI Cumulative Table,v1_600,42
KIC 7090801,7090801,K06817.01,K06817.01,,Kepler,nontransit,FALSE POSITIVE,FALSE POSITIVE,1,0,0,0,548.08441,17.66,367.3828,7.4,560.0,0.1531,2.35,5780.0,4.438,1.0,9.233,NASA Exoplanet Archive KOI Cumulative Table,v1_600,42
KIC 7119080,7119080,K06154.01,K06154.01,,Kepler,nontransit,FALSE POSITIVE,FALSE POSITIVE,1,0,0,0,13.59940118,2.52,133.0874188,,,,,,,,15.191,NASA Exoplanet Archive KOI Cumulative Table,v1_600,42
KIC 7174911,7174911,K05362.01,K05362.01,,Kepler,nontransit,FALSE POSITIVE,FALSE POSITIVE,1,0,0,0,150.70039392,2.82,278.5397643,,,,,,,,15.396,NASA Exoplanet Archive KOI Cumulative Table,v1_600,42
KIC 7176424,7176424,K05363.01,K05363.01,,Kepler,nontransit,FALSE POSITIVE,FALSE POSITIVE,1,0,0,0,44.48477463,1.67,142.9633835,,,,,,,,15.179,NASA Exoplanet Archive KOI Cumulative Table,v1_600,42
KIC 7185710,7185710,K08136.01,K08136.01,,Kepler,nontransit,FALSE POSITIVE,FALSE POSITIVE,1,0,0,0,160.243128,5.393,162.4736,10.2,556.4,0.258,15.72,5128.0,3.091,6.775,14.859,NASA Exoplanet Archive KOI Cumulative Table,v1_600,42
KIC 7192680,7192680,K05368.01,K05368.01,,Kepler,nontransit,FALSE POSITIVE,FALSE POSITIVE,1,0,0,0,114.25041494,2.11,235.8523992,,,,,,,,15.872,NASA Exoplanet Archive KOI Cumulative Table,v1_600,42
KIC 7198881,7198881,K06158.01,K06158.01,,Kepler,nontransit,FALSE POSITIVE,FALSE POSITIVE,1,0,0,0,182.467019,7.607,215.019,12.5,1020.0,0.0158,3.73,6299.0,4.401,1.167,13.408,NASA Exoplanet Archive KOI Cumulative Table,v1_600,42
KIC 7207081,7207081,K05374.01,K05374.01,,Kepler,nontransit,FALSE POSITIVE,FALSE POSITIVE,1,0,0,0,239.25578975,5.21,133.1367334,,,,,,,,13.816,NASA Exoplanet Archive KOI Cumulative Table,v1_600,42
KIC 7255910,7255910,K05376.01,K05376.01,,Kepler,nontransit,FALSE POSITIVE,FALSE POSITIVE,1,0,0,0,274.553579,5.95,158.0863,6.7,218.3,0.1125,1.66,6267.0,4.334,1.118,13.715,NASA Exoplanet Archive KOI Cumulative Table,v1_600,42
KIC 7377200,7377200,K07836.01,K07836.01,,Kepler,nontransit,FALSE POSITIVE,FALSE POSITIVE,1,0,0,0,471.65421,3.456,421.64532,12.5,479.7,0.85,4.11,6061.0,4.025,1.653,13.681,NASA Exoplanet Archive KOI Cumulative Table,v1_600,42
KIC 7386200,7386200,K05386.01,K05386.01,,Kepler,nontransit,FALSE POSITIVE,FALSE POSITIVE,1,0,0,0,575.42002,17.22,369.5923,11.7,401.7,0.1538,1.91,6025.0,4.448,0.949,14.693,NASA Exoplanet Archive KOI Cumulative Table,v1_600,42
KIC 7464205,7464205,K06160.01,K06160.01,,Kepler,nontransit,FALSE POSITIVE,FALSE POSITIVE,1,0,0,0,151.31847,16.45,148.9275,6.0,105.4,0.3788,1.13,6003.0,4.346,1.085,12.744,NASA Exoplanet Archive KOI Cumulative Table,v1_600,42
KIC 7701809,7701809,K05415.01,K05415.01,,Kepler,nontransit,FALSE POSITIVE,FALSE POSITIVE,1,0,0,0,30.2111162,4.202,160.3175,6.5,92.6,0.0666,4.44,5132.0,3.321,4.732,13.514,NASA Exoplanet Archive KOI Cumulative Table,v1_600,42
KIC 7733540,7733540,K06910.01,K06910.01,,Kepler,nontransit,FALSE POSITIVE,FALSE POSITIVE,1,0,0,0,0.77258608,2.7,131.7134714,,,,,,,,15.214,NASA Exoplanet Archive KOI Cumulative Table,v1_600,42
KIC 7751294,7751294,K08269.01,K08269.01,,Kepler,nontransit,FALSE POSITIVE,FALSE POSITIVE,1,0,0,0,371.4589776,10.0734,309.8187992,10.8,456.6,0.037,2.22,6388.0,4.427,1.033,14.28,NASA Exoplanet Archive KOI Cumulative Table,v1_600,42
KIC 7761585,7761585,K04140.01,K04140.01,,Kepler,nontransit,FALSE POSITIVE,FALSE POSITIVE,1,0,0,0,205.30627,7.86,186.434,6.4,671.0,0.1543,2.48,6045.0,4.494,0.955,15.971,NASA Exoplanet Archive KOI Cumulative Table,v1_600,42
KIC 7770471,7770471,K03706.01,K03706.01,,Kepler,nontransit,FALSE POSITIVE,FALSE POSITIVE,1,0,0,0,1.157804607,4.66082,132.448327,1837.9,605710.0,0.26,118.11,6510.0,4.219,1.425,14.62,NASA Exoplanet Archive KOI Cumulative Table,v1_600,42
KIC 7871395,7871395,K06927.01,K06927.01,,Kepler,nontransit,FALSE POSITIVE,FALSE POSITIVE,1,0,0,0,501.07647447,3.21,143.2445125,,,,,,,,14.795,NASA Exoplanet Archive KOI Cumulative Table,v1_600,42
KIC 7891264,7891264,K07855.01,K07855.01,,Kepler,nontransit,FALSE POSITIVE,FALSE POSITIVE,1,0,0,0,25.166806,2.111,150.271,7.2,1350.0,0.65,2.72,5013.0,4.574,0.704,15.743,NASA Exoplanet Archive KOI Cumulative Table,v1_600,42
KIC 7900100,7900100,K04515.01,K04515.01,,Kepler,nontransit,FALSE POSITIVE,FALSE POSITIVE,1,0,0,0,397.73781,13.08,171.6552,8.8,460.8,0.1656,2.2,6194.0,4.457,1.02,15.548,NASA Exoplanet Archive KOI Cumulative Table,v1_600,42
KIC 7900727,7900727,K05443.01,K05443.01,,Kepler,nontransit,FALSE POSITIVE,FALSE POSITIVE,1,0,0,0,348.61891,3.567,227.3466,5.8,689.0,0.282,2.4,5911.0,4.519,0.914,15.306,NASA Exoplanet Archive KOI Cumulative Table,v1_600,42
KIC 7916058,7916058,K05445.01,K05445.01,,Kepler,nontransit,FALSE POSITIVE,FALSE POSITIVE,1,0,0,0,7.1091096,10.67,133.4379,13.0,156.7,0.663,1.08,5665.0,4.568,0.82,15.71,NASA Exoplanet Archive KOI Cumulative Table,v1_600,42
KIC 7967210,7967210,K05452.01,K05452.01,,Kepler,nontransit,FALSE POSITIVE,FALSE POSITIVE,1,0,0,0,362.49906,12.17,404.3391,10.3,522.5,0.5297,2.51,6043.0,4.369,1.065,15.259,NASA Exoplanet Archive KOI Cumulative Table,v1_600,42
KIC 7970194,7970194,K05453.01,K05453.01,,Kepler,nontransit,FALSE POSITIVE,FALSE POSITIVE,1,0,0,0,190.65896,35.472,164.9278,18.3,552.8,0.9508,2.54,5508.0,4.549,0.835,15.043,NASA Exoplanet Archive KOI Cumulative Table,v1_600,42
KIC 8008913,8008913,K08271.01,K08271.01,,Kepler,nontransit,FALSE POSITIVE,FALSE POSITIVE,1,0,0,0,34.9989085,1.764,160.32308,7.5,427.1,0.896,1.65,4559.0,4.653,0.648,15.326,NASA Exoplanet Archive KOI Cumulative Table,v1_600,42
KIC 8027902,8027902,K06955.01,K06955.01,,Kepler,nontransit,FALSE POSITIVE,FALSE POSITIVE,1,0,0,0,1.79621807,10.16,131.54732,42.0,47.0,0.72,1.54,7117.0,3.988,2.09,12.895,NASA Exoplanet Archive KOI Cumulative Table,v1_600,42
KIC 8043721,8043721,K04812.01,K04812.01,,Kepler,nontransit,FALSE POSITIVE,FALSE POSITIVE,1,0,0,0,0.77957913,2.457,131.7173,11.1,70.4,0.183,0.71,5699.0,4.553,0.853,15.703,NASA Exoplanet Archive KOI Cumulative Table,v1_600,42
KIC 8123170,8123170,K06972.01,K06972.01,,Kepler,nontransit,FALSE POSITIVE,FALSE POSITIVE,1,0,0,0,1.03905082,3.035,132.5348,9.9,43.8,0.4522,0.87,6558.0,4.239,1.28,13.835,NASA Exoplanet Archive KOI Cumulative Table,v1_600,42
KIC 8143170,8143170,K06976.01,K06976.01,,Kepler,nontransit,FALSE POSITIVE,FALSE POSITIVE,1,0,0,0,28.787257509,13.953,137.094192,1292.0,49618.0,0.559,91.26,5154.0,3.461,3.981,12.85,NASA Exoplanet Archive KOI Cumulative Table,v1_600,42
KIC 8179973,8179973,K01019.01,K01019.01,,Kepler,nontransit,FALSE POSITIVE,FALSE POSITIVE,1,0,0,0,2.49705175,3.79,135.3072596,,,,,,,,10.266,NASA Exoplanet Archive KOI Cumulative Table,v1_600,42
KIC 8293631,8293631,K08274.01,K08274.01,,Kepler,nontransit,FALSE POSITIVE,FALSE POSITIVE,1,0,0,0,449.557346,17.227,142.8226,28.4,1193.1,0.69,55.33,5323.0,2.51,15.075,13.81,NASA Exoplanet Archive KOI Cumulative Table,v1_600,42
KIC 8440062,8440062,K07886.01,K07886.01,,Kepler,nontransit,FALSE POSITIVE,FALSE POSITIVE,1,0,0,0,366.71923,9.8,185.6459,9.8,246.4,0.592,3.35,6295.0,3.907,2.049,13.302,NASA Exoplanet Archive KOI Cumulative Table,v1_600,42
KIC 8505674,8505674,K05526.01,K05526.01,,Kepler,nontransit,FALSE POSITIVE,FALSE POSITIVE,1,0,0,0,43.169798,9.686,159.086,6.9,120.8,0.5639,1.47,5929.0,4.176,1.292,13.158,NASA Exoplanet Archive KOI Cumulative Table,v1_600,42
KIC 8510197,8510197,K05530.01,K05530.01,,Kepler,nontransit,FALSE POSITIVE,FALSE POSITIVE,1,0,0,0,591.37382,4.35,333.48076,10.7,245.0,0.1609,2.2,6609.0,4.183,1.391,12.913,NASA Exoplanet Archive KOI Cumulative Table,v1_600,42
KIC 8554498,8554498,K00005.02,K00005.02,,Kepler,nontransit,FALSE POSITIVE,FALSE POSITIVE,1,0,0,0,7.05185637,3.69,133.3669015,,,,,,,,11.665,NASA Exoplanet Archive KOI Cumulative Table,v1_600,42
KIC 8590776,8590776,K07900.01,K07900.01,,Kepler,nontransit,FALSE POSITIVE,FALSE POSITIVE,1,0,0,0,33.8938177,2.012,135.3496,6.8,205.1,0.332,1.22,5818.0,4.554,0.848,14.517,NASA Exoplanet Archive KOI Cumulative Table,v1_600,42
KIC 8712863,8712863,K07908.01,K07908.01,,Kepler,nontransit,FALSE POSITIVE,FALSE POSITIVE,1,0,0,0,0.532493086,2.145,131.90244,8.9,19.9,0.558,1.87,6894.0,3.476,4.032,11.238,NASA Exoplanet Archive KOI Cumulative Table,v1_600,42
KIC 8739209,8739209,K07084.01,K07084.01,,Kepler,nontransit,FALSE POSITIVE,FALSE POSITIVE,1,0,0,0,3.6972959,21.335,131.753,23.6,19.7,0.995,1.07,6313.0,4.12,1.594,11.956,NASA Exoplanet Archive KOI Cumulative Table,v1_600,42
KIC 8761550,8761550,K07912.01,K07912.01,,Kepler,nontransit,FALSE POSITIVE,FALSE POSITIVE,1,0,0,0,224.591055,3.232,208.7904,8.2,125.2,0.768,2.17,5786.0,3.992,1.771,12.238,NASA Exoplanet Archive KOI Cumulative Table,v1_600,42
KIC 8808064,8808064,K08169.01,K08169.01,,Kepler,nontransit,FALSE POSITIVE,FALSE POSITIVE,1,0,0,0,447.97028,10.857,559.6455,9.2,512.7,0.021,2.0,5911.0,4.53,0.887,15.152,NASA Exoplanet Archive KOI Cumulative Table,v1_600,42
KIC 8912730,8912730,K03850.01,K03850.01,,Kepler,nontransit,FALSE POSITIVE,FALSE POSITIVE,1,0,0,0,11.3775281,12.918,132.5848,38.2,1651.3,1.415,82.26,6943.0,4.162,1.66,13.93,NASA Exoplanet Archive KOI Cumulative Table,v1_600,42
KIC 8940700,8940700,K04876.01,K04876.01,,Kepler,nontransit,FALSE POSITIVE,FALSE POSITIVE,1,0,0,0,190.60563,14.33,229.5171,11.6,153.6,0.0108,1.6,6200.0,4.214,1.287,13.431,NASA Exoplanet Archive KOI Cumulative Table,v1_600,42
KIC 8957572,8957572,K07115.01,K07115.01,,Kepler,nontransit,FALSE POSITIVE,FALSE POSITIVE,1,0,0,0,1.5765874,15.18,132.4469,27.9,29.2,1.04,15.68,6742.0,3.688,3.138,12.232,NASA Exoplanet Archive KOI Cumulative Table,v1_600,42
KIC 8958359,8958359,K04770.01,K04770.01,,Kepler,nontransit,FALSE POSITIVE,FALSE POSITIVE,1,0,0,0,245.059374,9.549,301.678,15.1,165.0,0.0927,1.63,6036.0,4.127,1.265,12.854,NASA Exoplanet Archive KOI Cumulative Table,v1_600,42
KIC 8977176,8977176,K07119.01,K07119.01,,Kepler,nontransit,FALSE POSITIVE,FALSE POSITIVE,1,0,0,0,0.50948306,3.14,132.0386,8.0,74.6,0.3535,1.22,6344.0,4.091,1.39,13.545,NASA Exoplanet Archive KOI Cumulative Table,v1_600,42
KIC 8979500,8979500,K05594.01,K05594.01,,Kepler,nontransit,FALSE POSITIVE,FALSE POSITIVE,1,0,0,0,113.556471,2.383,186.2321,7.6,278.7,0.1828,6.76,4842.0,3.167,4.164,13.316,NASA Exoplanet Archive KOI Cumulative Table,v1_600,42
KIC 9007866,9007866,K01407.01,K01407.01,,Kepler,nontransit,FALSE POSITIVE,FALSE POSITIVE,1,0,0,0,1.3866358,4.77,134.3472,6.8,70.1,0.3783,0.72,5693.0,4.551,0.856,15.755,NASA Exoplanet Archive KOI Cumulative Table,v1_600,42
KIC 9087071,9087071,K05611.01,K05611.01,,Kepler,nontransit,FALSE POSITIVE,FALSE POSITIVE,1,0,0,0,209.238576,2.245,321.1236,5.4,154.7,0.2683,1.43,6302.0,4.345,1.135,13.564,NASA Exoplanet Archive KOI Cumulative Table,v1_600,42
KIC 9092897,9092897,K07600.01,K07600.01,,Kepler,nontransit,FALSE POSITIVE,FALSE POSITIVE,1,0,0,0,3.9169155,2.11,132.2130377,,,,,,,,12.94,NASA Exoplanet Archive KOI Cumulative Table,v1_600,42
KIC 9118858,9118858,K05620.01,K05620.01,,Kepler,nontransit,FALSE POSITIVE,FALSE POSITIVE,1,0,0,0,392.89275632,4.93,436.2879702,,,,,,,,13.802,NASA Exoplanet Archive KOI Cumulative Table,v1_600,42
KIC 9142334,9142334,K05624.01,K05624.01,,Kepler,nontransit,FALSE POSITIVE,FALSE POSITIVE,1,0,0,0,502.658,19.51,174.6294,10.0,216.0,0.3138,0.69,3754.0,4.773,0.473,13.676,NASA Exoplanet Archive KOI Cumulative Table,v1_600,42
KIC 9274431,9274431,K05650.01,K05650.01,,Kepler,nontransit,FALSE POSITIVE,FALSE POSITIVE,1,0,0,0,117.844963,1.951,229.8693,6.6,1043.0,0.4594,2.52,5317.0,4.595,0.769,15.844,NASA Exoplanet Archive KOI Cumulative Table,v1_600,42
KIC 9292130,9292130,K07602.01,K07602.01,,Kepler,nontransit,FALSE POSITIVE,FALSE POSITIVE,1,0,0,0,362.747593,16.45,368.2357,13.0,132.4,0.3185,2.51,6176.0,3.885,2.16,10.662,NASA Exoplanet Archive KOI Cumulative Table,v1_600,42
KIC 9304923,9304923,K06200.01,K06200.01,,Kepler,nontransit,FALSE POSITIVE,FALSE POSITIVE,1,0,0,0,200.762693,2.215,308.7451,5.5,1920.0,42.778,15056.9,7981.0,3.716,3.298,12.377,NASA Exoplanet Archive KOI Cumulative Table,v1_600,42
KIC 9392016,9392016,K07935.01,K07935.01,,Kepler,nontransit,FALSE POSITIVE,FALSE POSITIVE,1,0,0,0,350.65158,7.976,208.7904,8.2,248.1,0.004,1.31,5882.0,4.56,0.833,14.375,NASA Exoplanet Archive KOI Cumulative Table,v1_600,42
KIC 9455322,9455322,K05675.01,K05675.01,,Kepler,nontransit,FALSE POSITIVE,FALSE POSITIVE,1,0,0,0,180.890384,1.901,162.9617,5.8,205.3,0.3417,2.47,7037.0,4.136,1.683,13.61,NASA Exoplanet Archive KOI Cumulative Table,v1_600,42
KIC 9455526,9455526,K05676.01,K05676.01,,Kepler,nontransit,FALSE POSITIVE,FALSE POSITIVE,1,0,0,0,60.0546149,3.435,181.8867,11.8,326.1,0.3355,5.24,5242.0,3.606,2.917,13.571,NASA Exoplanet Archive KOI Cumulative Table,v1_600,42
KIC 9463329,9463329,K05679.01,K05679.01,,Kepler,nontransit,FALSE POSITIVE,FALSE POSITIVE,1,0,0,0,615.81928,14.93,261.7343,11.0,168.0,0.1794,1.24,6120.0,4.489,0.955,13.027,NASA Exoplanet Archive KOI Cumulative Table,v1_600,42
KIC 9652166,9652166,K07216.01,K07216.01,,Kepler,nontransit,FALSE POSITIVE,FALSE POSITIVE,1,0,0,0,0.646523404,3.917,131.6881,14.2,25.2,0.494,0.85,7257.0,4.185,1.631,12.884,NASA Exoplanet Archive KOI Cumulative Table,v1_600,42
KIC 9717958,9717958,K04313.01,K04313.01,,Kepler,nontransit,FALSE POSITIVE,FALSE POSITIVE,1,0,0,0,67.7125988,1.538,149.82165,13.4,542.4,1.8756,82.63,6309.0,4.517,0.847,14.213,NASA Exoplanet Archive KOI Cumulative Table,v1_600,42
KIC 9758615,9758615,K05709.01,K05709.01,,Kepler,nontransit,FALSE POSITIVE,FALSE POSITIVE,1,0,0,0,94.20561159,6.62,169.2951411,,,,,,,,11.613,NASA Exoplanet Archive KOI Cumulative Table,v1_600,42
KIC 9771576,9771576,K08185.01,K08185.01,,Kepler,nontransit,FALSE POSITIVE,FALSE POSITIVE,1,0,0,0,398.71694,21.6,481.1929,13.7,893.9,1.219,21.25,5303.0,4.594,0.771,14.966,NASA Exoplanet Archive KOI Cumulative Table,v1_600,42
KIC 9839062,9839062,K07968.01,K07968.01,,Kepler,nontransit,FALSE POSITIVE,FALSE POSITIVE,1,0,0,0,424.623345,9.666,218.25955,60.2,5132.1,0.819,8.13,6339.0,4.454,1.017,15.513,NASA Exoplanet Archive KOI Cumulative Table,v1_600,42
KIC 9873604,9873604,K08188.01,K08188.01,,Kepler,nontransit,FALSE POSITIVE,FALSE POSITIVE,1,0,0,0,522.33888,13.53,344.6934,12.0,423.7,0.039,5.65,5103.0,3.606,2.816,13.902,NASA Exoplanet Archive KOI Cumulative Table,v1_600,42
KIC 9953736,9953736,K07262.01,K07262.01,,Kepler,nontransit,FALSE POSITIVE,FALSE POSITIVE,1,0,0,0,0.50818743,3.433,131.63064,29.1,54.9,0.779,1.26,7141.0,4.243,1.56,13.313,NASA Exoplanet Archive KOI Cumulative Table,v1_600,42
KIC 9963639,9963639,K07266.01,K07266.01,,Kepler,nontransit,FALSE POSITIVE,FALSE POSITIVE,1,0,0,0,7.4185369,1.451,131.5282,5.2,14.7,0.053,0.81,9763.0,4.179,2.045,11.364,NASA Exoplanet Archive KOI Cumulative Table,v1_600,42
KIC 10014875,10014875,K07983.01,K07983.01,,Kepler,nontransit,FALSE POSITIVE,FALSE POSITIVE,1,0,0,0,453.64875,18.34,296.6153,9.0,523.4,0.519,2.18,6060.0,4.509,0.925,15.677,NASA Exoplanet Archive KOI Cumulative Table,v1_600,42
KIC 10130646,10130646,K05765.01,K05765.01,,Kepler,nontransit,FALSE POSITIVE,FALSE POSITIVE,1,0,0,0,390.40832,7.916,265.436,8.5,251.9,0.0407,0.63,3659.0,4.858,0.4,13.974,NASA Exoplanet Archive KOI Cumulative Table,v1_600,42
KIC 10132552,10132552,K05766.01,K05766.01,,Kepler,nontransit,FALSE POSITIVE,FALSE POSITIVE,1,0,0,0,191.528018,2.342,260.9129,6.4,171.8,0.0258,1.32,6054.0,4.416,1.009,13.337,NASA Exoplanet Archive KOI Cumulative Table,v1_600,42
KIC 10139620,10139620,K04065.01,K04065.01,,Kepler,nontransit,FALSE POSITIVE,FALSE POSITIVE,1,0,0,0,372.37369,12.33,138.0835,15.6,666.1,0.3052,2.68,6109.0,4.455,1.029,15.423,NASA Exoplanet Archive KOI Cumulative Table,v1_600,42
KIC 10140843,10140843,K04579.01,K04579.01,,Kepler,nontransit,FALSE POSITIVE,FALSE POSITIVE,1,0,0,0,367.19796,15.92,134.1748,10.7,146.1,0.0858,1.08,6054.0,4.525,0.889,13.592,NASA Exoplanet Archive KOI Cumulative Table,v1_600,42
KIC 10266852,10266852,K05781.01,K05781.01,,Kepler,nontransit,FALSE POSITIVE,FALSE POSITIVE,1,0,0,0,179.27230765,2.21,149.1729837,,,,,,,,12.752,NASA Exoplanet Archive KOI Cumulative Table,v1_600,42
KIC 10267121,10267121,K07609.01,K07609.01,,Kepler,nontransit,FALSE POSITIVE,FALSE POSITIVE,1,0,0,0,36.136968,15.42,137.0578,10.4,152.0,0.296,1.3,6258.0,4.442,1.046,15.44,NASA Exoplanet Archive KOI Cumulative Table,v1_600,42
KIC 10387742,10387742,K02583.02,K02583.02,,Kepler,nontransit,FALSE POSITIVE,FALSE POSITIVE,1,0,0,0,251.7512,4.314,271.06864,7.5,114.3,0.943,1.25,5640.0,4.492,0.921,12.623,NASA Exoplanet Archive KOI Cumulative Table,v1_600,42
KIC 10519701,10519701,K08212.01,K08212.01,,Kepler,nontransit,FALSE POSITIVE,FALSE POSITIVE,1,0,0,0,334.87402,35.42,426.2844,19.1,387.8,1.165,47.48,6122.0,3.811,2.348,13.381,NASA Exoplanet Archive KOI Cumulative Table,v1_600,42
KIC 10532751,10532751,K08292.01,K08292.01,,Kepler,nontransit,FALSE POSITIVE,FALSE POSITIVE,1,0,0,0,367.761848,4.891,194.7697,9.8,428.0,0.025,20.06,5348.0,2.897,9.888,10.736,NASA Exoplanet Archive KOI Cumulative Table,v1_600,42
KIC 10581918,10581918,K03807.01,K03807.01,,Kepler,nontransit,FALSE POSITIVE,FALSE POSITIVE,1,0,0,0,1.801863222,7.2492,132.48449,463.4,262580.0,0.681,145.36,7479.0,3.919,2.324,12.796,NASA Exoplanet Archive KOI Cumulative Table,v1_600,42
KIC 10591578,10591578,K05811.01,K05811.01,,Kepler,nontransit,FALSE POSITIVE,FALSE POSITIVE,1,0,0,0,44.51439331,1.55,172.4645281,,,,,,,,14.424,NASA Exoplanet Archive KOI Cumulative Table,v1_600,42
KIC 10616317,10616317,K05813.01,K05813.01,,Kepler,nontransit,FALSE POSITIVE,FALSE POSITIVE,1,0,0,0,38.27772448,1.73,157.8294108,,,,,,,,14.293,NASA Exoplanet Archive KOI Cumulative Table,v1_600,42
KIC 10620329,10620329,K00066.01,K00066.01,,Kepler,nontransit,FALSE POSITIVE,FALSE POSITIVE,1,0,0,0,0.436282594,1.3988,170.702041,218.3,536.4,1.269,83.25,8491.0,3.853,2.622,11.002,NASA Exoplanet Archive KOI Cumulative Table,v1_600,42
KIC 10729472,10729472,K04453.01,K04453.01,,Kepler,nontransit,FALSE POSITIVE,FALSE POSITIVE,1,0,0,0,357.13089,13.04,157.7985,11.8,330.5,0.1365,1.62,5838.0,4.529,0.897,15.271,NASA Exoplanet Archive KOI Cumulative Table,v1_600,42
KIC 10905641,10905641,K05840.01,K05840.01,,Kepler,nontransit,FALSE POSITIVE,FALSE POSITIVE,1,0,0,0,460.77905,15.541,533.8441,12.7,239.3,0.324,4.24,6126.0,3.731,2.717,13.462,NASA Exoplanet Archive KOI Cumulative Table,v1_600,42
KIC 11087662,11087662,K08218.01,K08218.01,,Kepler,nontransit,FALSE POSITIVE,FALSE POSITIVE,1,0,0,0,264.63654,42.77,190.9169,28.2,431.8,1.247,42.55,6564.0,4.198,1.461,13.328,NASA Exoplanet Archive KOI Cumulative Table,v1_600,42
KIC 11124703,11124703,K04445.01,K04445.01,,Kepler,nontransit,FALSE POSITIVE,FALSE POSITIVE,1,0,0,0,244.60373,10.87,230.282,17.7,769.8,0.2652,2.1,5166.0,4.593,0.771,15.319,NASA Exoplanet Archive KOI Cumulative Table,v1_600,42
KIC 11303811,11303811,K03744.01,K03744.01,,Kepler,nontransit,FALSE POSITIVE,FALSE POSITIVE,1,0,0,0,1.705780649,1.6271,133.15662,31.8,15498.0,1.231,25.95,4970.0,4.665,0.591,15.77,NASA Exoplanet Archive KOI Cumulative Table,v1_600,42
KIC 11357185,11357185,K08051.01,K08051.01,,Kepler,nontransit,FALSE POSITIVE,FALSE POSITIVE,1,0,0,0,185.243906,3.276,177.2769,7.9,383.9,0.726,2.38,6218.0,4.417,1.131,14.652,NASA Exoplanet Archive KOI Cumulative Table,v1_600,42
KIC 11390109,11390109,K04210.01,K04210.01,,Kepler,nontransit,FALSE POSITIVE,FALSE POSITIVE,1,0,0,0,398.40957,11.486,178.4393,11.0,880.3,0.1165,3.33,6251.0,4.378,1.119,15.244,NASA Exoplanet Archive KOI Cumulative Table,v1_600,42
KIC 11499757,11499757,K07450.01,K07450.01,,Kepler,nontransit,FALSE POSITIVE,FALSE POSITIVE,1,0,0,0,12.314402323,5.8903,134.2520931,2540.6,393900.0,0.506,75.21,6247.0,4.433,1.066,14.76,NASA Exoplanet Archive KOI Cumulative Table,v1_600,42
KIC 11553598,11553598,K04511.01,K04511.01,,Kepler,nontransit,FALSE POSITIVE,FALSE POSITIVE,1,0,0,0,370.62071,12.58,311.1842,10.5,344.3,0.1419,2.12,6432.0,4.382,1.136,15.045,NASA Exoplanet Archive KOI Cumulative Table,v1_600,42
KIC 11601357,11601357,K07459.01,K07459.01,,Kepler,nontransit,FALSE POSITIVE,FALSE POSITIVE,1,0,0,0,3.55027051,1.879,133.7711,7.6,212.7,0.022,1.15,5497.0,4.581,0.8,15.81,NASA Exoplanet Archive KOI Cumulative Table,v1_600,42
KIC 11621897,11621897,K07618.01,K07618.01,,Kepler,nontransit,FALSE POSITIVE,FALSE POSITIVE,1,0,0,0,21.6817115,7.18,137.009,6.9,73.5,0.27,0.89,6297.0,4.448,1.031,14.491,NASA Exoplanet Archive KOI Cumulative Table,v1_600,42
KIC 11709022,11709022,K07474.01,K07474.01,,Kepler,nontransit,FALSE POSITIVE,FALSE POSITIVE,1,0,0,0,0.71957289,1.79,131.98038,,,,,,,,12.902,NASA Exoplanet Archive KOI Cumulative Table,v1_600,42
KIC 11760931,11760931,K08229.01,K08229.01,,Kepler,nontransit,FALSE POSITIVE,FALSE POSITIVE,1,0,0,0,397.72733,11.683,264.7499,9.0,232.8,0.013,1.48,6032.0,4.485,0.973,14.209,NASA Exoplanet Archive KOI Cumulative Table,v1_600,42
KIC 11775507,11775507,K06245.03,K06245.03,,Kepler,nontransit,FALSE POSITIVE,FALSE POSITIVE,1,0,0,0,276.32360146,9.8964,162.1955353,4.6,81.3,0.706,1.21,6528.0,4.257,1.26,12.431,NASA Exoplanet Archive KOI Cumulative Table,v1_600,42
KIC 11918793,11918793,K08069.01,K08069.01,,Kepler,nontransit,FALSE POSITIVE,FALSE POSITIVE,1,0,0,0,38.35312,2.9,167.6337,8.6,3090.0,0.017,5.57,5979.0,4.449,1.004,15.457,NASA Exoplanet Archive KOI Cumulative Table,v1_600,42
KIC 11969092,11969092,K04375.01,K04375.01,,Kepler,nontransit,FALSE POSITIVE,FALSE POSITIVE,1,0,0,0,0.638437699,0.3028,131.592552,25.8,286.8,0.904,2.48,5073.0,4.571,0.824,15.23,NASA Exoplanet Archive KOI Cumulative Table,v1_600,42
KIC 12021943,12021943,K08075.01,K08075.01,,Kepler,nontransit,FALSE POSITIVE,FALSE POSITIVE,1,0,0,0,6.0962602,10.4,134.9875,10.0,30.4,0.787,0.62,6108.0,4.466,1.03,13.723,NASA Exoplanet Archive KOI Cumulative Table,v1_600,42
KIC 12365015,12365015,K07528.01,K07528.01,,Kepler,nontransit,FALSE POSITIVE,FALSE POSITIVE,1,0,0,0,0.59586463,1.5,131.9392,,,,,,,,14.343,NASA Exoplanet Archive KOI Cumulative Table,v1_600,42
KIC 12554051,12554051,K08237.01,K08237.01,,Kepler,nontransit,FALSE POSITIVE,FALSE POSITIVE,1,0,0,0,365.709623,13.553,183.4903,15.1,1033.4,0.338,26.93,4787.0,2.629,8.522,13.888,NASA Exoplanet Archive KOI Cumulative Table,v1_600,42
KIC 12835139,12835139,K05981.01,K05981.01,,Kepler,nontransit,FALSE POSITIVE,FALSE POSITIVE,1,0,0,0,350.609298,1.621,163.1091,3.6,369.5,0.0409,3.88,6658.0,3.934,1.992,13.329,NASA Exoplanet Archive KOI Cumulative Table,v1_600,42
